repo	curation_score	code_hit_count	stars	html_url	reasons
Stovoy/LOLCODE-Snake	20	0	10	https://github.com/Stovoy/LOLCODE-Snake	below-threshold-or-hard-excluded
PieVieRo/LOLCODE-calculator	20	0	5	https://github.com/PieVieRo/LOLCODE-calculator	below-threshold-or-hard-excluded
netfri25/lolcode-json	20	0	3	https://github.com/netfri25/lolcode-json	below-threshold-or-hard-excluded
EloniX-X/LOLCODE-calculator	20	0	2	https://github.com/EloniX-X/LOLCODE-calculator	below-threshold-or-hard-excluded
Chameleon-Coder/lolcode-rpg-template	20	0	1	https://github.com/Chameleon-Coder/lolcode-rpg-template	below-threshold-or-hard-excluded
Halcy0nic/LCI-v0.10.5-Out-of-bounds-read	20	0	1	https://github.com/Halcy0nic/LCI-v0.10.5-Out-of-bounds-read	below-threshold-or-hard-excluded
Idkwhoami42/Lolcode	20	0	1	https://github.com/Idkwhoami42/Lolcode	below-threshold-or-hard-excluded
Nicolas-hr/Lolcode	20	0	1	https://github.com/Nicolas-hr/Lolcode	below-threshold-or-hard-excluded
ishowportugal/LOLCODE	20	0	1	https://github.com/ishowportugal/LOLCODE	below-threshold-or-hard-excluded
martinmorando/lolcode	20	0	1	https://github.com/martinmorando/lolcode	below-threshold-or-hard-excluded
prisems/LOLCODE-Calculator-v2	20	0	1	https://github.com/prisems/LOLCODE-Calculator-v2	below-threshold-or-hard-excluded
ryzbaka/LOLCODE-STUFF	20	0	1	https://github.com/ryzbaka/LOLCODE-STUFF	below-threshold-or-hard-excluded
11A11/Lolcode-spongebob-meme-text	18	0	0	https://github.com/11A11/Lolcode-spongebob-meme-text	below-threshold-or-hard-excluded
5quirre1/LOLCODE-learning-progress	18	0	0	https://github.com/5quirre1/LOLCODE-learning-progress	below-threshold-or-hard-excluded
AScheibe/lolcode-calculator	18	0	0	https://github.com/AScheibe/lolcode-calculator	below-threshold-or-hard-excluded
AidanTheJsDev/lolcode-calculator	18	0	0	https://github.com/AidanTheJsDev/lolcode-calculator	below-threshold-or-hard-excluded
AlisaTemp/lolcode-project	18	0	0	https://github.com/AlisaTemp/lolcode-project	below-threshold-or-hard-excluded
BLANK-Zora/LOLCODE	18	0	0	https://github.com/BLANK-Zora/LOLCODE	below-threshold-or-hard-excluded
BOXEL-REBOUND/LOLCODE	18	0	0	https://github.com/BOXEL-REBOUND/LOLCODE	below-threshold-or-hard-excluded
CheikOmar325/LolCode-Snippets	18	0	0	https://github.com/CheikOmar325/LolCode-Snippets	below-threshold-or-hard-excluded
Ckeshua/lolcode	18	0	0	https://github.com/Ckeshua/lolcode	below-threshold-or-hard-excluded
ComputerGuyYash/LOLCODE-RawProgam	18	0	0	https://github.com/ComputerGuyYash/LOLCODE-RawProgam	below-threshold-or-hard-excluded
DrownedInAPond/Lolcode-Calculator	18	0	0	https://github.com/DrownedInAPond/Lolcode-Calculator	below-threshold-or-hard-excluded
EmptineX/Lolcode	18	0	0	https://github.com/EmptineX/Lolcode	below-threshold-or-hard-excluded
FlamongoBird/LOLCODE-Fib	18	0	0	https://github.com/FlamongoBird/LOLCODE-Fib	below-threshold-or-hard-excluded
Github12121/LOLCODE-STUFF	18	0	0	https://github.com/Github12121/LOLCODE-STUFF	below-threshold-or-hard-excluded
IceboxDev/LOLCODE	18	0	0	https://github.com/IceboxDev/LOLCODE	below-threshold-or-hard-excluded
JonathanMcCormickJr/lolcode-fractal-tree	18	0	0	https://github.com/JonathanMcCormickJr/lolcode-fractal-tree	below-threshold-or-hard-excluded
JonathanMcCormickJr/lolcode-web-app	18	0	0	https://github.com/JonathanMcCormickJr/lolcode-web-app	below-threshold-or-hard-excluded
KyleCow/LOLCODe	18	0	0	https://github.com/KyleCow/LOLCODe	below-threshold-or-hard-excluded
MarekGluch/lolcode-circle-and-cross	18	0	0	https://github.com/MarekGluch/lolcode-circle-and-cross	below-threshold-or-hard-excluded
Mashuramaru/lolcode	18	0	0	https://github.com/Mashuramaru/lolcode	below-threshold-or-hard-excluded
McMunchly/lolcode	18	0	0	https://github.com/McMunchly/lolcode	below-threshold-or-hard-excluded
MiscStuff839/Lolcode	18	0	0	https://github.com/MiscStuff839/Lolcode	below-threshold-or-hard-excluded
QojoSatoru/LOLCODE	18	0	0	https://github.com/QojoSatoru/LOLCODE	below-threshold-or-hard-excluded
Stanlee1234/LOLCODE-ADV-CALC	18	0	0	https://github.com/Stanlee1234/LOLCODE-ADV-CALC	below-threshold-or-hard-excluded
TheSquashyMaker/LOLCODE-EXPERIMENTS	18	0	0	https://github.com/TheSquashyMaker/LOLCODE-EXPERIMENTS	below-threshold-or-hard-excluded
TylerMathews12/lolcode-RPS	18	0	0	https://github.com/TylerMathews12/lolcode-RPS	below-threshold-or-hard-excluded
WorkInProgress-Development/LOLCODE-HelloWorld	18	0	0	https://github.com/WorkInProgress-Development/LOLCODE-HelloWorld	below-threshold-or-hard-excluded
arrudagates/lolcode-funzies	18	0	0	https://github.com/arrudagates/lolcode-funzies	below-threshold-or-hard-excluded
arymus/lolcode-basics	18	0	0	https://github.com/arymus/lolcode-basics	below-threshold-or-hard-excluded
camh96/lolcode	18	0	0	https://github.com/camh96/lolcode	below-threshold-or-hard-excluded
camilomolina/lolcode-labs	18	0	0	https://github.com/camilomolina/lolcode-labs	below-threshold-or-hard-excluded
dr2xmillion371/lolcode-projects	18	0	0	https://github.com/dr2xmillion371/lolcode-projects	below-threshold-or-hard-excluded
elliott1645/lolcode	18	0	0	https://github.com/elliott1645/lolcode	below-threshold-or-hard-excluded
evyatarmeged/lolcode-snek	18	0	0	https://github.com/evyatarmeged/lolcode-snek	below-threshold-or-hard-excluded
foshesss/LOLCODE	18	0	0	https://github.com/foshesss/LOLCODE	below-threshold-or-hard-excluded
helionek/lolcode-n-befunge	18	0	0	https://github.com/helionek/lolcode-n-befunge	below-threshold-or-hard-excluded
jacob-a132/LOLcode	18	0	0	https://github.com/jacob-a132/LOLcode	below-threshold-or-hard-excluded
jamtot/LOLCODE	18	0	0	https://github.com/jamtot/LOLCODE	below-threshold-or-hard-excluded
jinsen-x/lolcode-game-of-life	18	0	0	https://github.com/jinsen-x/lolcode-game-of-life	below-threshold-or-hard-excluded
jrem090/LOLCODE	18	0	0	https://github.com/jrem090/LOLCODE	below-threshold-or-hard-excluded
maddyb99/lolcode	18	0	0	https://github.com/maddyb99/lolcode	below-threshold-or-hard-excluded
mburnayev/LOLCODE-networking	18	0	0	https://github.com/mburnayev/LOLCODE-networking	below-threshold-or-hard-excluded
ofekih/lolcode	18	0	0	https://github.com/ofekih/lolcode	below-threshold-or-hard-excluded
orchardstreet/LOLCODE-IRC-client	18	0	0	https://github.com/orchardstreet/LOLCODE-IRC-client	below-threshold-or-hard-excluded
rmartyna/LOLCODE-examples	18	0	0	https://github.com/rmartyna/LOLCODE-examples	below-threshold-or-hard-excluded
rollen1/lolcode	18	0	0	https://github.com/rollen1/lolcode	below-threshold-or-hard-excluded
sweetx2apple/lolcode	18	0	0	https://github.com/sweetx2apple/lolcode	below-threshold-or-hard-excluded
taprapka/lolcode	18	0	0	https://github.com/taprapka/lolcode	below-threshold-or-hard-excluded
wydialang/lolcode-project	18	0	0	https://github.com/wydialang/lolcode-project	below-threshold-or-hard-excluded
yashbee313839/LOLCODE-Scripts	18	0	0	https://github.com/yashbee313839/LOLCODE-Scripts	below-threshold-or-hard-excluded
chase-rebstock-TU/Project1	17	3	0	https://github.com/chase-rebstock-TU/Project1	below-threshold-or-hard-excluded
driee17/cmsc124-project	17	3	0	https://github.com/driee17/cmsc124-project	below-threshold-or-hard-excluded
jerankda/lol-lint	17	3	0	https://github.com/jerankda/lol-lint	below-threshold-or-hard-excluded
msttnakashima/cmsc124_project	17	3	0	https://github.com/msttnakashima/cmsc124_project	below-threshold-or-hard-excluded
rseangueco/CMSC124-Galido-Gueco-Valenzuela-Project	17	3	0	https://github.com/rseangueco/CMSC124-Galido-Gueco-Valenzuela-Project	below-threshold-or-hard-excluded
thedavidchu/dolang	17	3	0	https://github.com/thedavidchu/dolang	below-threshold-or-hard-excluded
JiroKristoferTipan/CMSC-124-PROJECT-bahay-norio-tipan	16	2	0	https://github.com/JiroKristoferTipan/CMSC-124-PROJECT-bahay-norio-tipan	below-threshold-or-hard-excluded
Stefan-Radu/master	16	2	0	https://github.com/Stefan-Radu/master	below-threshold-or-hard-excluded
sadirige/brazil_decuzar_dirige_project	16	2	0	https://github.com/sadirige/brazil_decuzar_dirige_project	below-threshold-or-hard-excluded
saibotsivad/add-file-extensions	16	2	0	https://github.com/saibotsivad/add-file-extensions	below-threshold-or-hard-excluded
zbraniecki/l20n	16	2	0	https://github.com/zbraniecki/l20n	below-threshold-or-hard-excluded
AldCristobal/CMSC-124-Project-CodeAndDecode	15	1	0	https://github.com/AldCristobal/CMSC-124-Project-CodeAndDecode	below-threshold-or-hard-excluded
AlexaCabral/CMSC124_project	15	1	0	https://github.com/AlexaCabral/CMSC124_project	below-threshold-or-hard-excluded
Docvoids/MTRPSLab4	15	1	0	https://github.com/Docvoids/MTRPSLab4	below-threshold-or-hard-excluded
JoshFinkel/anotherTest	15	1	0	https://github.com/JoshFinkel/anotherTest	below-threshold-or-hard-excluded
RodFlores27/CMSC124Project	15	1	0	https://github.com/RodFlores27/CMSC124Project	below-threshold-or-hard-excluded
ScarVite/Scar	15	1	0	https://github.com/ScarVite/Scar	below-threshold-or-hard-excluded
bjouhier/node-lol	15	1	0	https://github.com/bjouhier/node-lol	below-threshold-or-hard-excluded
bsevangelista/cmsc124-project	15	1	0	https://github.com/bsevangelista/cmsc124-project	below-threshold-or-hard-excluded
jedalain/cmsc-124-lolcode-project	15	1	0	https://github.com/jedalain/cmsc-124-lolcode-project	below-threshold-or-hard-excluded
juleshenry/tatuagem	15	1	0	https://github.com/juleshenry/tatuagem	below-threshold-or-hard-excluded
ksumallo/lolspeaker	15	1	0	https://github.com/ksumallo/lolspeaker	below-threshold-or-hard-excluded
martindevans/y	15	1	0	https://github.com/martindevans/y	below-threshold-or-hard-excluded
monumei/skibidi-brat	15	1	0	https://github.com/monumei/skibidi-brat	below-threshold-or-hard-excluded
seanpm2001/SNU_2D_ProgrammingTools	15	1	0	https://github.com/seanpm2001/SNU_2D_ProgrammingTools	below-threshold-or-hard-excluded
superlanding/super_tools	15	1	0	https://github.com/superlanding/super_tools	below-threshold-or-hard-excluded
pilate/yolol-scripts	13	7	0	https://github.com/pilate/yolol-scripts	below-threshold-or-hard-excluded
rodrigocaldeira/tictactoelolcode	13	1	21	https://github.com/rodrigocaldeira/tictactoelolcode	below-threshold-or-hard-excluded
rtoal/ple	12	6	0	https://github.com/rtoal/ple	below-threshold-or-hard-excluded
mstraughan86/Esoteric-Language-Studies	12	4	7	https://github.com/mstraughan86/Esoteric-Language-Studies	below-threshold-or-hard-excluded
jrppena/ChickenWingsCMSC124Proj	10	4	0	https://github.com/jrppena/ChickenWingsCMSC124Proj	below-threshold-or-hard-excluded
martindevans/Yolol	10	4	0	https://github.com/martindevans/Yolol	below-threshold-or-hard-excluded
KelvinBeliber/CMSC-124-Project	9	3	0	https://github.com/KelvinBeliber/CMSC-124-Project	below-threshold-or-hard-excluded
SergioRgVz/PreventAI	9	3	0	https://github.com/SergioRgVz/PreventAI	below-threshold-or-hard-excluded
UlteriorCoast18/Conocimiento	9	3	0	https://github.com/UlteriorCoast18/Conocimiento	below-threshold-or-hard-excluded
acmeism/RosettaCodeData	9	3	0	https://github.com/acmeism/RosettaCodeData	below-threshold-or-hard-excluded
ckrp120/beilisangels	9	3	0	https://github.com/ckrp120/beilisangels	below-threshold-or-hard-excluded
e9-o9/ro9se	9	3	0	https://github.com/e9-o9/ro9se	below-threshold-or-hard-excluded
emanestares/CMSC124_PROJECT	9	3	0	https://github.com/emanestares/CMSC124_PROJECT	below-threshold-or-hard-excluded
mertabo/cmsc-124-project	9	3	0	https://github.com/mertabo/cmsc-124-project	below-threshold-or-hard-excluded
stefanos1316/Rosetta-Code-Research	9	3	0	https://github.com/stefanos1316/Rosetta-Code-Research	below-threshold-or-hard-excluded
Holarse-Linuxgaming/ashley-madison-simulator	9	1	7	https://github.com/Holarse-Linuxgaming/ashley-madison-simulator	below-threshold-or-hard-excluded
staylward/esoteric-fun	9	1	5	https://github.com/staylward/esoteric-fun	below-threshold-or-hard-excluded
CuriousCoder1232/1v1-lol-html-html-codes-for-websites	9	1	4	https://github.com/CuriousCoder1232/1v1-lol-html-html-codes-for-websites	below-threshold-or-hard-excluded
carlmathisen/htmx-lolcode	9	1	3	https://github.com/carlmathisen/htmx-lolcode	below-threshold-or-hard-excluded
halvards/diamondz-lol	9	1	2	https://github.com/halvards/diamondz-lol	below-threshold-or-hard-excluded
TheDummi/Meow	9	1	1	https://github.com/TheDummi/Meow	below-threshold-or-hard-excluded
mjrb/mongo-lol-driver-example	9	1	1	https://github.com/mjrb/mongo-lol-driver-example	below-threshold-or-hard-excluded
Danoishere/projektarbeit-2019	8	2	0	https://github.com/Danoishere/projektarbeit-2019	below-threshold-or-hard-excluded
DavidLiuWangli/CMSC124Project	8	2	0	https://github.com/DavidLiuWangli/CMSC124Project	below-threshold-or-hard-excluded
HappyHTML/color-picker-game	8	2	0	https://github.com/HappyHTML/color-picker-game	below-threshold-or-hard-excluded
Kenneth-Olano/cmsc124_project	8	2	0	https://github.com/Kenneth-Olano/cmsc124_project	below-threshold-or-hard-excluded
cvpua/CMSC124_Project	8	2	0	https://github.com/cvpua/CMSC124_Project	below-threshold-or-hard-excluded
nucax/practise-projects	8	2	0	https://github.com/nucax/practise-projects	below-threshold-or-hard-excluded
vandorena/Computer-Science-A-Level	8	2	0	https://github.com/vandorena/Computer-Science-A-Level	below-threshold-or-hard-excluded
ulrich-barnstedt/brainfuck-interpreters	8	0	0	https://github.com/ulrich-barnstedt/brainfuck-interpreters	below-threshold-or-hard-excluded
0u44/Programming-Languages	7	1	0	https://github.com/0u44/Programming-Languages	below-threshold-or-hard-excluded
A1rPun/nurture	7	1	0	https://github.com/A1rPun/nurture	below-threshold-or-hard-excluded
AbhishekR25/cerner_2_5_2022	7	1	0	https://github.com/AbhishekR25/cerner_2_5_2022	below-threshold-or-hard-excluded
Aliciahan/JavaRevisionInEnglish	7	1	0	https://github.com/Aliciahan/JavaRevisionInEnglish	below-threshold-or-hard-excluded
AnmiTaliDev/crosshello	7	1	0	https://github.com/AnmiTaliDev/crosshello	below-threshold-or-hard-excluded
ArkaitzOderiz/ScrapyScraping	7	1	0	https://github.com/ArkaitzOderiz/ScrapyScraping	below-threshold-or-hard-excluded
Association-INTech/TechTheLulz	7	1	0	https://github.com/Association-INTech/TechTheLulz	below-threshold-or-hard-excluded
BartlomiejRasztabiga/masters-thesis	7	1	0	https://github.com/BartlomiejRasztabiga/masters-thesis	below-threshold-or-hard-excluded
Benedikt00/AFSS-DA	7	1	0	https://github.com/Benedikt00/AFSS-DA	below-threshold-or-hard-excluded
Biu-X/biu-x.org	7	1	0	https://github.com/Biu-X/biu-x.org	below-threshold-or-hard-excluded
BrunoMollo/Backend	7	1	0	https://github.com/BrunoMollo/Backend	below-threshold-or-hard-excluded
Cannabytes/cannabytes.github.io	7	1	0	https://github.com/Cannabytes/cannabytes.github.io	below-threshold-or-hard-excluded
CarlosClementBellido/Baco	7	1	0	https://github.com/CarlosClementBellido/Baco	below-threshold-or-hard-excluded
CherifSami/coq_internship	7	1	0	https://github.com/CherifSami/coq_internship	below-threshold-or-hard-excluded
ChickenHook/Anubis-pandemidestek	7	1	0	https://github.com/ChickenHook/Anubis-pandemidestek	below-threshold-or-hard-excluded
CocoaKunG/CocoaKunG	7	1	0	https://github.com/CocoaKunG/CocoaKunG	below-threshold-or-hard-excluded
CookieScript/Trace.IoI	7	1	0	https://github.com/CookieScript/Trace.IoI	below-threshold-or-hard-excluded
Cortzalno666/NectoVerse-Industries-Data	7	1	0	https://github.com/Cortzalno666/NectoVerse-Industries-Data	below-threshold-or-hard-excluded
DanielCapannini/master-thesis-daniel-capannini	7	1	0	https://github.com/DanielCapannini/master-thesis-daniel-capannini	below-threshold-or-hard-excluded
DevrimBaran/Masterarbeit	7	1	0	https://github.com/DevrimBaran/Masterarbeit	below-threshold-or-hard-excluded
Doctor0Evil/Zenith-Labs	7	1	0	https://github.com/Doctor0Evil/Zenith-Labs	below-threshold-or-hard-excluded
DojoDanger1/predicting-hdi-a-level-project	7	1	0	https://github.com/DojoDanger1/predicting-hdi-a-level-project	below-threshold-or-hard-excluded
Duponch/viteMaDose	7	1	0	https://github.com/Duponch/viteMaDose	below-threshold-or-hard-excluded
EMarquer/report_internship	7	1	0	https://github.com/EMarquer/report_internship	below-threshold-or-hard-excluded
EPresident/UniUdBig	7	1	0	https://github.com/EPresident/UniUdBig	below-threshold-or-hard-excluded
ElMaikina/utfsm-bigdata	7	1	0	https://github.com/ElMaikina/utfsm-bigdata	below-threshold-or-hard-excluded
Evincars/BachelorText	7	1	0	https://github.com/Evincars/BachelorText	below-threshold-or-hard-excluded
FatBenny99/Thesis-Verefoo	7	1	0	https://github.com/FatBenny99/Thesis-Verefoo	below-threshold-or-hard-excluded
GabrielRocha/Monografia	7	1	0	https://github.com/GabrielRocha/Monografia	below-threshold-or-hard-excluded
GeSHi/coderepo	7	1	0	https://github.com/GeSHi/coderepo	below-threshold-or-hard-excluded
General-Infinity/pigs	7	1	0	https://github.com/General-Infinity/pigs	below-threshold-or-hard-excluded
GeorgJung/Impact	7	1	0	https://github.com/GeorgJung/Impact	below-threshold-or-hard-excluded
Goostachio/reportTemplate	7	1	0	https://github.com/Goostachio/reportTemplate	below-threshold-or-hard-excluded
GregTrevellick/FilesForEveryExtension	7	1	0	https://github.com/GregTrevellick/FilesForEveryExtension	below-threshold-or-hard-excluded
GuillotSamuel/webserv	7	1	0	https://github.com/GuillotSamuel/webserv	below-threshold-or-hard-excluded
GunSafetyDwight/Beginner-Programs	7	1	0	https://github.com/GunSafetyDwight/Beginner-Programs	below-threshold-or-hard-excluded
Hemanth-Jp/Walmart_Sales_Training_App	7	1	0	https://github.com/Hemanth-Jp/Walmart_Sales_Training_App	below-threshold-or-hard-excluded
IPTV-Apps/repo	7	1	0	https://github.com/IPTV-Apps/repo	below-threshold-or-hard-excluded
Izaaq/Izaaq-FYP	7	1	0	https://github.com/Izaaq/Izaaq-FYP	below-threshold-or-hard-excluded
J-Teste/so_long	7	1	0	https://github.com/J-Teste/so_long	below-threshold-or-hard-excluded
JasonMartoux/TimelockWeb3	7	1	0	https://github.com/JasonMartoux/TimelockWeb3	below-threshold-or-hard-excluded
JesseBoogaard/isOddOrEven-collection	7	1	0	https://github.com/JesseBoogaard/isOddOrEven-collection	below-threshold-or-hard-excluded
John-Willikers/johnnyboy-scripts	7	1	0	https://github.com/John-Willikers/johnnyboy-scripts	below-threshold-or-hard-excluded
JoshAshby/BOB-Documentation	7	1	0	https://github.com/JoshAshby/BOB-Documentation	below-threshold-or-hard-excluded
JulianBierbaum/da-paper	7	1	0	https://github.com/JulianBierbaum/da-paper	below-threshold-or-hard-excluded
K4-pi/Java	7	1	0	https://github.com/K4-pi/Java	below-threshold-or-hard-excluded
KingWile/willard.sentence.org	7	1	0	https://github.com/KingWile/willard.sentence.org	below-threshold-or-hard-excluded
Kojey/NPSC	7	1	0	https://github.com/Kojey/NPSC	below-threshold-or-hard-excluded
KrazIvan/Multisoft-Code-Solutions	7	1	0	https://github.com/KrazIvan/Multisoft-Code-Solutions	below-threshold-or-hard-excluded
MTison/FrontEndPerformanceInReactBasedApplications_BAP	7	1	0	https://github.com/MTison/FrontEndPerformanceInReactBasedApplications_BAP	below-threshold-or-hard-excluded
MarcoPolo/datastructures	7	1	0	https://github.com/MarcoPolo/datastructures	below-threshold-or-hard-excluded
MattiaFoglia/HelloWorld_Lol	7	1	0	https://github.com/MattiaFoglia/HelloWorld_Lol	below-threshold-or-hard-excluded
MaulanaGilang/Buku-TA	7	1	0	https://github.com/MaulanaGilang/Buku-TA	below-threshold-or-hard-excluded
Me-Phew/square-matrix	7	1	0	https://github.com/Me-Phew/square-matrix	below-threshold-or-hard-excluded
Meme1079/LOLSCRIPT	7	1	0	https://github.com/Meme1079/LOLSCRIPT	below-threshold-or-hard-excluded
MichaelSun48/LOLCODE_TTT	7	1	0	https://github.com/MichaelSun48/LOLCODE_TTT	below-threshold-or-hard-excluded
NLnetLabs/CSWDNS	7	1	0	https://github.com/NLnetLabs/CSWDNS	below-threshold-or-hard-excluded
NTMTech/gsb_extranet	7	1	0	https://github.com/NTMTech/gsb_extranet	below-threshold-or-hard-excluded
NVedsted/Lets-Calculate-BMI	7	1	0	https://github.com/NVedsted/Lets-Calculate-BMI	below-threshold-or-hard-excluded
Naoufalbzz/BP_backups_2024-2025	7	1	0	https://github.com/Naoufalbzz/BP_backups_2024-2025	below-threshold-or-hard-excluded
Noname-29-lnin/DTUD	7	1	0	https://github.com/Noname-29-lnin/DTUD	below-threshold-or-hard-excluded
Noname-29-lnin/Sort_on_FPGA	7	1	0	https://github.com/Noname-29-lnin/Sort_on_FPGA	below-threshold-or-hard-excluded
Palitraq/hapka.lol	7	1	0	https://github.com/Palitraq/hapka.lol	below-threshold-or-hard-excluded
Prithvirajbilla/helloworld	7	1	0	https://github.com/Prithvirajbilla/helloworld	below-threshold-or-hard-excluded
Programming-Paradigms-2018-19/code	7	1	0	https://github.com/Programming-Paradigms-2018-19/code	below-threshold-or-hard-excluded
RafalGrzegorzek/Aplikacja-mobilna	7	1	0	https://github.com/RafalGrzegorzek/Aplikacja-mobilna	below-threshold-or-hard-excluded
Ravanger101/Helloz-MyContribution	7	1	0	https://github.com/Ravanger101/Helloz-MyContribution	below-threshold-or-hard-excluded
ReciHub/FunnyAlgorithms	7	1	0	https://github.com/ReciHub/FunnyAlgorithms	below-threshold-or-hard-excluded
Sharp-Team/text-editor-javadesk	7	1	0	https://github.com/Sharp-Team/text-editor-javadesk	below-threshold-or-hard-excluded
Shembou/praca_magisterska	7	1	0	https://github.com/Shembou/praca_magisterska	below-threshold-or-hard-excluded
SkandaSiva/sw-llm	7	1	0	https://github.com/SkandaSiva/sw-llm	below-threshold-or-hard-excluded
SnipyJulmy/MSE_1617_PA	7	1	0	https://github.com/SnipyJulmy/MSE_1617_PA	below-threshold-or-hard-excluded
TheRenegadeCoder/sample-programs	7	1	0	https://github.com/TheRenegadeCoder/sample-programs	below-threshold-or-hard-excluded
TheaQG/TexFiles_MSc	7	1	0	https://github.com/TheaQG/TexFiles_MSc	below-threshold-or-hard-excluded
ThomInsa/etudeBiblio	7	1	0	https://github.com/ThomInsa/etudeBiblio	below-threshold-or-hard-excluded
Tobias-Schoch/SSS	7	1	0	https://github.com/Tobias-Schoch/SSS	below-threshold-or-hard-excluded
Tom-the-Bomb/CCC-Solutions	7	1	0	https://github.com/Tom-the-Bomb/CCC-Solutions	below-threshold-or-hard-excluded
VChuzlov/SA	7	1	0	https://github.com/VChuzlov/SA	below-threshold-or-hard-excluded
VGAFIB/autoTRON	7	1	0	https://github.com/VGAFIB/autoTRON	below-threshold-or-hard-excluded
VaeterchenFrost/gpusat-VISU	7	1	0	https://github.com/VaeterchenFrost/gpusat-VISU	below-threshold-or-hard-excluded
WHU-MSC/WHUMSC2023New	7	1	0	https://github.com/WHU-MSC/WHUMSC2023New	below-threshold-or-hard-excluded
WannSea/boat-core-v2	7	1	0	https://github.com/WannSea/boat-core-v2	below-threshold-or-hard-excluded
WhatsHisIdentifierr/NoKey	7	1	0	https://github.com/WhatsHisIdentifierr/NoKey	below-threshold-or-hard-excluded
Willenbrink/masterthesis	7	1	0	https://github.com/Willenbrink/masterthesis	below-threshold-or-hard-excluded
Xeyo-Developer/HelloWorld	7	1	0	https://github.com/Xeyo-Developer/HelloWorld	below-threshold-or-hard-excluded
Zeeshan5249/Tekla-Structures-3D-Optimisation	7	1	0	https://github.com/Zeeshan5249/Tekla-Structures-3D-Optimisation	below-threshold-or-hard-excluded
ZeusWPI/esoterische_introavond	7	1	0	https://github.com/ZeusWPI/esoterische_introavond	below-threshold-or-hard-excluded
accessgames/accessgames.github.io	7	1	0	https://github.com/accessgames/accessgames.github.io	below-threshold-or-hard-excluded
aduros/trollcat	7	1	0	https://github.com/aduros/trollcat	below-threshold-or-hard-excluded
alexanderthclark/Matplotlib-for-Storytellers	7	1	0	https://github.com/alexanderthclark/Matplotlib-for-Storytellers	below-threshold-or-hard-excluded
algorithm-archivists/algorithm-archive	7	1	0	https://github.com/algorithm-archivists/algorithm-archive	below-threshold-or-hard-excluded
alxshine/dual-rail	7	1	0	https://github.com/alxshine/dual-rail	below-threshold-or-hard-excluded
amanogawa01/Tent	7	1	0	https://github.com/amanogawa01/Tent	below-threshold-or-hard-excluded
amtuazon4/PyGUI	7	1	0	https://github.com/amtuazon4/PyGUI	below-threshold-or-hard-excluded
anishgoyal1108/single-cycle-MIPS-processor	7	1	0	https://github.com/anishgoyal1108/single-cycle-MIPS-processor	below-threshold-or-hard-excluded
approvers/RADWIMPS	7	1	0	https://github.com/approvers/RADWIMPS	below-threshold-or-hard-excluded
araujoarthur/In1HourEmailSwap	7	1	0	https://github.com/araujoarthur/In1HourEmailSwap	below-threshold-or-hard-excluded
arielgg46/Thesis	7	1	0	https://github.com/arielgg46/Thesis	below-threshold-or-hard-excluded
asandova-ui/SEPA_RTP	7	1	0	https://github.com/asandova-ui/SEPA_RTP	below-threshold-or-hard-excluded
asandova-ui/SEPA_RequestToPay	7	1	0	https://github.com/asandova-ui/SEPA_RequestToPay	below-threshold-or-hard-excluded
atityushina/master_progr_2_year	7	1	0	https://github.com/atityushina/master_progr_2_year	below-threshold-or-hard-excluded
austinbyers/LOLcat	7	1	0	https://github.com/austinbyers/LOLcat	below-threshold-or-hard-excluded
bajajvinamr/HacktoberFest2020	7	1	0	https://github.com/bajajvinamr/HacktoberFest2020	below-threshold-or-hard-excluded
bart-de-paepe/bachelorproef	7	1	0	https://github.com/bart-de-paepe/bachelorproef	below-threshold-or-hard-excluded
benharri/benbot	7	1	0	https://github.com/benharri/benbot	below-threshold-or-hard-excluded
bluebat/mt9x9	7	1	0	https://github.com/bluebat/mt9x9	below-threshold-or-hard-excluded
bohde/mondp	7	1	0	https://github.com/bohde/mondp	below-threshold-or-hard-excluded
brianium/blog	7	1	0	https://github.com/brianium/blog	below-threshold-or-hard-excluded
brobro12235/fullscreen-launcher	7	1	0	https://github.com/brobro12235/fullscreen-launcher	below-threshold-or-hard-excluded
cbrepp/lolchess	7	1	0	https://github.com/cbrepp/lolchess	below-threshold-or-hard-excluded
chenxingqiang/thinkbase-project	7	1	0	https://github.com/chenxingqiang/thinkbase-project	below-threshold-or-hard-excluded
codex-iter/Hello-Esolangs	7	1	0	https://github.com/codex-iter/Hello-Esolangs	below-threshold-or-hard-excluded
datphhe130906/FPTU	7	1	0	https://github.com/datphhe130906/FPTU	below-threshold-or-hard-excluded
david-dewanto/Proposal_Tugas_Akhir-David_Dewanto-18222027	7	1	0	https://github.com/david-dewanto/Proposal_Tugas_Akhir-David_Dewanto-18222027	below-threshold-or-hard-excluded
defconradio/localpleb	7	1	0	https://github.com/defconradio/localpleb	below-threshold-or-hard-excluded
donno2048/Quines	7	1	0	https://github.com/donno2048/Quines	below-threshold-or-hard-excluded
dtbbbb/dahood	7	1	0	https://github.com/dtbbbb/dahood	below-threshold-or-hard-excluded
duckspike/twat	7	1	0	https://github.com/duckspike/twat	below-threshold-or-hard-excluded
dwladdimiroc/phd-thesis-sorbonne-universite	7	1	0	https://github.com/dwladdimiroc/phd-thesis-sorbonne-universite	below-threshold-or-hard-excluded
eddygrinder/LaRE_LaTeX	7	1	0	https://github.com/eddygrinder/LaRE_LaTeX	below-threshold-or-hard-excluded
eevee/project-euler	7	1	0	https://github.com/eevee/project-euler	below-threshold-or-hard-excluded
egegirit/dns-analyse	7	1	0	https://github.com/egegirit/dns-analyse	below-threshold-or-hard-excluded
emilyantosch/ba	7	1	0	https://github.com/emilyantosch/ba	below-threshold-or-hard-excluded
epicdude99/da_hood_leaks	7	1	0	https://github.com/epicdude99/da_hood_leaks	below-threshold-or-hard-excluded
esit1/Praxisprojekt-Entwicklung-einer-Client-Server-Architektur	7	1	0	https://github.com/esit1/Praxisprojekt-Entwicklung-einer-Client-Server-Architektur	below-threshold-or-hard-excluded
eugeniu-u/qtk_thesis	7	1	0	https://github.com/eugeniu-u/qtk_thesis	below-threshold-or-hard-excluded
fairay/Modeling-7sem	7	1	0	https://github.com/fairay/Modeling-7sem	below-threshold-or-hard-excluded
fettstorch/masters-thesis	7	1	0	https://github.com/fettstorch/masters-thesis	below-threshold-or-hard-excluded
focat69/celestalx	7	1	0	https://github.com/focat69/celestalx	below-threshold-or-hard-excluded
forflo/yodl	7	1	0	https://github.com/forflo/yodl	below-threshold-or-hard-excluded
freehackquest/2015-tasks	7	1	0	https://github.com/freehackquest/2015-tasks	below-threshold-or-hard-excluded
gauthamzz/John-Cena	7	1	0	https://github.com/gauthamzz/John-Cena	below-threshold-or-hard-excluded
gitworried/mpt23-lab-luca-schulz-marcus-worrmann	7	1	0	https://github.com/gitworried/mpt23-lab-luca-schulz-marcus-worrmann	below-threshold-or-hard-excluded
gretzke/Blockchain-Based-Smart-Outlet	7	1	0	https://github.com/gretzke/Blockchain-Based-Smart-Outlet	below-threshold-or-hard-excluded
grself/CIS221_Lab_Manual	7	1	0	https://github.com/grself/CIS221_Lab_Manual	below-threshold-or-hard-excluded
gubbriaco/fir-filter-analysis	7	1	0	https://github.com/gubbriaco/fir-filter-analysis	below-threshold-or-hard-excluded
gustavo-depaula/stalin-sort	7	1	0	https://github.com/gustavo-depaula/stalin-sort	below-threshold-or-hard-excluded
gustavocaiano/fuse	7	1	0	https://github.com/gustavocaiano/fuse	below-threshold-or-hard-excluded
harisekatama/Tugas-Akhir	7	1	0	https://github.com/harisekatama/Tugas-Akhir	below-threshold-or-hard-excluded
honeyvig/helloworld	7	1	0	https://github.com/honeyvig/helloworld	below-threshold-or-hard-excluded
imalik8088/latex_template	7	1	0	https://github.com/imalik8088/latex_template	below-threshold-or-hard-excluded
inaiemnahid/Timestamp	7	1	0	https://github.com/inaiemnahid/Timestamp	below-threshold-or-hard-excluded
jacobjwebber/dissertation	7	1	0	https://github.com/jacobjwebber/dissertation	below-threshold-or-hard-excluded
janTiefenbacher/Diplomarbeit	7	1	0	https://github.com/janTiefenbacher/Diplomarbeit	below-threshold-or-hard-excluded
jasperfue/Gambit	7	1	0	https://github.com/jasperfue/Gambit	below-threshold-or-hard-excluded
javif89/webcat	7	1	0	https://github.com/javif89/webcat	below-threshold-or-hard-excluded
johnymontana/willithesis-doc	7	1	0	https://github.com/johnymontana/willithesis-doc	below-threshold-or-hard-excluded
jonhskie/Master-Thesis-Latex	7	1	0	https://github.com/jonhskie/Master-Thesis-Latex	below-threshold-or-hard-excluded
jpcusa/TFI-criptografia	7	1	0	https://github.com/jpcusa/TFI-criptografia	below-threshold-or-hard-excluded
jugen4321/Bayotka	7	1	0	https://github.com/jugen4321/Bayotka	below-threshold-or-hard-excluded
jweinstein92/Predictive_Beer_Analytics	7	1	0	https://github.com/jweinstein92/Predictive_Beer_Analytics	below-threshold-or-hard-excluded
kerner1000/kerner	7	1	0	https://github.com/kerner1000/kerner	below-threshold-or-hard-excluded
kevlu8/languageception	7	1	0	https://github.com/kevlu8/languageception	below-threshold-or-hard-excluded
kidonm/GenericVoIPSwitch	7	1	0	https://github.com/kidonm/GenericVoIPSwitch	below-threshold-or-hard-excluded
knightron0/helloworld	7	1	0	https://github.com/knightron0/helloworld	below-threshold-or-hard-excluded
krilangs/ComPhys---Master	7	1	0	https://github.com/krilangs/ComPhys---Master	below-threshold-or-hard-excluded
ksdc2020/helloworld	7	1	0	https://github.com/ksdc2020/helloworld	below-threshold-or-hard-excluded
kunaltyagi/helloworld	7	1	0	https://github.com/kunaltyagi/helloworld	below-threshold-or-hard-excluded
labenbmic1/git-BachelorThesis	7	1	0	https://github.com/labenbmic1/git-BachelorThesis	below-threshold-or-hard-excluded
lemoxiao/Latex-Part1	7	1	0	https://github.com/lemoxiao/Latex-Part1	below-threshold-or-hard-excluded
lennartbublies/ecdsa	7	1	0	https://github.com/lennartbublies/ecdsa	below-threshold-or-hard-excluded
lenri001/EE_105	7	1	0	https://github.com/lenri001/EE_105	below-threshold-or-hard-excluded
llucbrell/TeXTal	7	1	0	https://github.com/llucbrell/TeXTal	below-threshold-or-hard-excluded
lol-qwop/lol-qwop	7	1	0	https://github.com/lol-qwop/lol-qwop	below-threshold-or-hard-excluded
lolphantomm/phantom.lol	7	1	0	https://github.com/lolphantomm/phantom.lol	below-threshold-or-hard-excluded
lukasrynt/Bachelor-thesis	7	1	0	https://github.com/lukasrynt/Bachelor-thesis	below-threshold-or-hard-excluded
madangtrus/thaycacac	7	1	0	https://github.com/madangtrus/thaycacac	below-threshold-or-hard-excluded
maddiesloadstrings/mad.lol	7	1	0	https://github.com/maddiesloadstrings/mad.lol	below-threshold-or-hard-excluded
makenowjust/quine	7	1	0	https://github.com/makenowjust/quine	below-threshold-or-hard-excluded
manisit09/Manish-Test-1	7	1	0	https://github.com/manisit09/Manish-Test-1	below-threshold-or-hard-excluded
martinbaumg/SAE-23	7	1	0	https://github.com/martinbaumg/SAE-23	below-threshold-or-hard-excluded
mathildor/latex-thesis-template	7	1	0	https://github.com/mathildor/latex-thesis-template	below-threshold-or-hard-excluded
mattys1/zaawansowane-p4	7	1	0	https://github.com/mattys1/zaawansowane-p4	below-threshold-or-hard-excluded
mattys1/zaawansowane-p6	7	1	0	https://github.com/mattys1/zaawansowane-p6	below-threshold-or-hard-excluded
matzegltg/Bachelor-Thesis	7	1	0	https://github.com/matzegltg/Bachelor-Thesis	below-threshold-or-hard-excluded
mawerty/Is-Prime	7	1	0	https://github.com/mawerty/Is-Prime	below-threshold-or-hard-excluded
mbenahmed1/ScheduleMe	7	1	0	https://github.com/mbenahmed1/ScheduleMe	below-threshold-or-hard-excluded
michael-stuetzner/diplomarbeit-recode-2526	7	1	0	https://github.com/michael-stuetzner/diplomarbeit-recode-2526	below-threshold-or-hard-excluded
mircocazzaro/tesimagistrale	7	1	0	https://github.com/mircocazzaro/tesimagistrale	below-threshold-or-hard-excluded
mrMetalWood/BAMM	7	1	0	https://github.com/mrMetalWood/BAMM	below-threshold-or-hard-excluded
narze/coffee-to-code	7	1	0	https://github.com/narze/coffee-to-code	below-threshold-or-hard-excluded
navilan/wabi	7	1	0	https://github.com/navilan/wabi	below-threshold-or-hard-excluded
nel417/Random_Hello_Worlds	7	1	0	https://github.com/nel417/Random_Hello_Worlds	below-threshold-or-hard-excluded
nguyenphuminh/HelloWorld	7	1	0	https://github.com/nguyenphuminh/HelloWorld	below-threshold-or-hard-excluded
nickimaa/bachelorarbeit	7	1	0	https://github.com/nickimaa/bachelorarbeit	below-threshold-or-hard-excluded
nikolaarinanda/tugas-akhir	7	1	0	https://github.com/nikolaarinanda/tugas-akhir	below-threshold-or-hard-excluded
notWetro/WTFAI	7	1	0	https://github.com/notWetro/WTFAI	below-threshold-or-hard-excluded
okquentin/ECCS_4411	7	1	0	https://github.com/okquentin/ECCS_4411	below-threshold-or-hard-excluded
orioljulian/QAOA	7	1	0	https://github.com/orioljulian/QAOA	below-threshold-or-hard-excluded
owrel/plan-merging-report	7	1	0	https://github.com/owrel/plan-merging-report	below-threshold-or-hard-excluded
prabodhcp/Data-Structures-with-C-Course-at-CSE-SIT-Tumkur	7	1	0	https://github.com/prabodhcp/Data-Structures-with-C-Course-at-CSE-SIT-Tumkur	below-threshold-or-hard-excluded
produnis/FreeQDA	7	1	0	https://github.com/produnis/FreeQDA	below-threshold-or-hard-excluded
reeeeeeeeeeeeeeeeeeeeeeeeeeeeeeeeee/reeeeeeeeeeeeeeeeeeeeeeeeeeeeeeeeeeeeeeeeeeeeeeeeeeeeeeeeeeeeeeeeeeeeeeeeeeeeeeeeeeeeeeeeeee	7	1	0	https://github.com/reeeeeeeeeeeeeeeeeeeeeeeeeeeeeeeeee/reeeeeeeeeeeeeeeeeeeeeeeeeeeeeeeeeeeeeeeeeeeeeeeeeeeeeeeeeeeeeeeeeeeeeeeeeeeeeeeeeeeeeeeeeee	below-threshold-or-hard-excluded
rsandro22/user-management-postgresql	7	1	0	https://github.com/rsandro22/user-management-postgresql	below-threshold-or-hard-excluded
rvantonder/antlr-lolcode	7	1	0	https://github.com/rvantonder/antlr-lolcode	below-threshold-or-hard-excluded
rvbin1/uni_zeug	7	1	0	https://github.com/rvbin1/uni_zeug	below-threshold-or-hard-excluded
sahil8452/Text_Editor	7	1	0	https://github.com/sahil8452/Text_Editor	below-threshold-or-hard-excluded
sametcatakli/projet-linux-aws	7	1	0	https://github.com/sametcatakli/projet-linux-aws	below-threshold-or-hard-excluded
samuelmorency/ICS4U	7	1	0	https://github.com/samuelmorency/ICS4U	below-threshold-or-hard-excluded
savinggracelua/cracks	7	1	0	https://github.com/savinggracelua/cracks	below-threshold-or-hard-excluded
sebastiansauer/thesisdown-apa	7	1	0	https://github.com/sebastiansauer/thesisdown-apa	below-threshold-or-hard-excluded
sesch023/Ausarbeitung-Spezielle-Algorithmen	7	1	0	https://github.com/sesch023/Ausarbeitung-Spezielle-Algorithmen	below-threshold-or-hard-excluded
sharppy/SHARPpy	7	1	0	https://github.com/sharppy/SHARPpy	below-threshold-or-hard-excluded
sirupsen/informatics	7	1	0	https://github.com/sirupsen/informatics	below-threshold-or-hard-excluded
skadic/RTOS-TD	7	1	0	https://github.com/skadic/RTOS-TD	below-threshold-or-hard-excluded
skiqqy/C45DiscordBot	7	1	0	https://github.com/skiqqy/C45DiscordBot	below-threshold-or-hard-excluded
snorremd/masterthesis	7	1	0	https://github.com/snorremd/masterthesis	below-threshold-or-hard-excluded
surki/hipl	7	1	0	https://github.com/surki/hipl	below-threshold-or-hard-excluded
sussycloud/gem-pet-go	7	1	0	https://github.com/sussycloud/gem-pet-go	below-threshold-or-hard-excluded
syre/datamining-with-python	7	1	0	https://github.com/syre/datamining-with-python	below-threshold-or-hard-excluded
tgolsson/sensors-arduino-lab1	7	1	0	https://github.com/tgolsson/sensors-arduino-lab1	below-threshold-or-hard-excluded
thaycacac/java	7	1	0	https://github.com/thaycacac/java	below-threshold-or-hard-excluded
ticklemynausea/gobsprogram	7	1	0	https://github.com/ticklemynausea/gobsprogram	below-threshold-or-hard-excluded
tierriminator/Lolang	7	1	0	https://github.com/tierriminator/Lolang	below-threshold-or-hard-excluded
toroidal-code/swag	7	1	0	https://github.com/toroidal-code/swag	below-threshold-or-hard-excluded
trholmes/thesis	7	1	0	https://github.com/trholmes/thesis	below-threshold-or-hard-excluded
tsiendragon/NUS-PhD-Thesis-LaTeX-Template	7	1	0	https://github.com/tsiendragon/NUS-PhD-Thesis-LaTeX-Template	below-threshold-or-hard-excluded
ufabc-dojo/welcome	7	1	0	https://github.com/ufabc-dojo/welcome	below-threshold-or-hard-excluded
valentin-schwind/frauas-thesis-template	7	1	0	https://github.com/valentin-schwind/frauas-thesis-template	below-threshold-or-hard-excluded
verdihatorou/html.ulangtahun	7	1	0	https://github.com/verdihatorou/html.ulangtahun	below-threshold-or-hard-excluded
vilemfiala/czech-absa-thesis	7	1	0	https://github.com/vilemfiala/czech-absa-thesis	below-threshold-or-hard-excluded
vincenzopalazzo/SpyCBlockThesis	7	1	0	https://github.com/vincenzopalazzo/SpyCBlockThesis	below-threshold-or-hard-excluded
vladb99/htwg	7	1	0	https://github.com/vladb99/htwg	below-threshold-or-hard-excluded
vlehnhau/bachelorThesis	7	1	0	https://github.com/vlehnhau/bachelorThesis	below-threshold-or-hard-excluded
wegfahrt/Studienarbeit	7	1	0	https://github.com/wegfahrt/Studienarbeit	below-threshold-or-hard-excluded
wisrovi/imagenesDocker	7	1	0	https://github.com/wisrovi/imagenesDocker	below-threshold-or-hard-excluded
wookay/da	7	1	0	https://github.com/wookay/da	below-threshold-or-hard-excluded
yaluki/VulkanVolumeRenderer	7	1	0	https://github.com/yaluki/VulkanVolumeRenderer	below-threshold-or-hard-excluded
youurt/ExposeMaster	7	1	0	https://github.com/youurt/ExposeMaster	below-threshold-or-hard-excluded
zachlatta/codeday-boulder-food	7	1	0	https://github.com/zachlatta/codeday-boulder-food	below-threshold-or-hard-excluded
zkmok/SEP-g09-spec	7	1	0	https://github.com/zkmok/SEP-g09-spec	below-threshold-or-hard-excluded
zxbot3/ZX-s-PC-CHECKER-old	7	1	0	https://github.com/zxbot3/ZX-s-PC-CHECKER-old	below-threshold-or-hard-excluded
Buttars/LOLCODE-FIBONACCI	5	1	4	https://github.com/Buttars/LOLCODE-FIBONACCI	below-threshold-or-hard-excluded,repo-name-noise-signal
bearddan2000/lolcode-cli-hello-world	3	1	0	https://github.com/bearddan2000/lolcode-cli-hello-world	below-threshold-or-hard-excluded,repo-name-noise-signal
Mohamed-abdalazez/Version-Control-Git	2	0	9	https://github.com/Mohamed-abdalazez/Version-Control-Git	below-threshold-or-hard-excluded
themineraria/Quake3Keygen	2	0	6	https://github.com/themineraria/Quake3Keygen	below-threshold-or-hard-excluded
vsimko/dqh-amiga	2	0	4	https://github.com/vsimko/dqh-amiga	below-threshold-or-hard-excluded
AllAlgorithms/lol	2	0	3	https://github.com/AllAlgorithms/lol	below-threshold-or-hard-excluded
Zyndoras/calculator.lol	2	0	3	https://github.com/Zyndoras/calculator.lol	below-threshold-or-hard-excluded
akleemans/pogo-ivrater-lolcode	2	0	3	https://github.com/akleemans/pogo-ivrater-lolcode	below-threshold-or-hard-excluded
zhaitianyong/standalone_test	2	0	3	https://github.com/zhaitianyong/standalone_test	below-threshold-or-hard-excluded
Chameleon-Coder/cat-journey	2	0	2	https://github.com/Chameleon-Coder/cat-journey	below-threshold-or-hard-excluded
lil-netize/OG.BBk44	2	0	2	https://github.com/lil-netize/OG.BBk44	below-threshold-or-hard-excluded
nathanchere/HackerRank_LOLCODE	2	0	2	https://github.com/nathanchere/HackerRank_LOLCODE	below-threshold-or-hard-excluded
rodrigocaldeira/Bitcoin-Prices	2	0	2	https://github.com/rodrigocaldeira/Bitcoin-Prices	below-threshold-or-hard-excluded
seanpm2001/Bliss_Browser_LOLCODE	2	0	2	https://github.com/seanpm2001/Bliss_Browser_LOLCODE	below-threshold-or-hard-excluded
shreyaslad/Fun-with-LOLCODE	2	0	2	https://github.com/shreyaslad/Fun-with-LOLCODE	below-threshold-or-hard-excluded
zellsh/zellsh.github.io	2	0	2	https://github.com/zellsh/zellsh.github.io	below-threshold-or-hard-excluded
Chameleon-Coder/Deltarune-Cat-Edition-Chapter-One	2	0	1	https://github.com/Chameleon-Coder/Deltarune-Cat-Edition-Chapter-One	below-threshold-or-hard-excluded
Chameleon-Coder/stunning-sniffle	2	0	1	https://github.com/Chameleon-Coder/stunning-sniffle	below-threshold-or-hard-excluded
ChristopherA8/lolcalc	2	0	1	https://github.com/ChristopherA8/lolcalc	below-threshold-or-hard-excluded
Joimer/console-games	2	0	1	https://github.com/Joimer/console-games	below-threshold-or-hard-excluded
MercuryOnX/Silence.LOL	2	0	1	https://github.com/MercuryOnX/Silence.LOL	below-threshold-or-hard-excluded
Nameless9000/LOLCODE_Shell	2	0	1	https://github.com/Nameless9000/LOLCODE_Shell	below-threshold-or-hard-excluded
NetBeholder/bind-in-docker	2	0	1	https://github.com/NetBeholder/bind-in-docker	below-threshold-or-hard-excluded
Nucleus2014/NMR-Structure-Calculation-using-CYANA-and-ASDP	2	0	1	https://github.com/Nucleus2014/NMR-Structure-Calculation-using-CYANA-and-ASDP	below-threshold-or-hard-excluded
Prooom/Dr.Lol	2	0	1	https://github.com/Prooom/Dr.Lol	below-threshold-or-hard-excluded
Rimuru900/Gravity.lol	2	0	1	https://github.com/Rimuru900/Gravity.lol	below-threshold-or-hard-excluded
TechDudie/learning-lolcode	2	0	1	https://github.com/TechDudie/learning-lolcode	below-threshold-or-hard-excluded
TheWrongAlice/ROK-PAPR-STABBERS	2	0	1	https://github.com/TheWrongAlice/ROK-PAPR-STABBERS	below-threshold-or-hard-excluded
abhinavk001/my-first-esoteric-lang	2	0	1	https://github.com/abhinavk001/my-first-esoteric-lang	below-threshold-or-hard-excluded
alejandrolechuga/ScriptJutsu	2	0	1	https://github.com/alejandrolechuga/ScriptJutsu	below-threshold-or-hard-excluded
aleless/Guess-the-Numer-LOLCODE	2	0	1	https://github.com/aleless/Guess-the-Numer-LOLCODE	below-threshold-or-hard-excluded
chriswaugh/lolbuzz	2	0	1	https://github.com/chriswaugh/lolbuzz	below-threshold-or-hard-excluded
ddi4m0nd/Mad.lol	2	0	1	https://github.com/ddi4m0nd/Mad.lol	below-threshold-or-hard-excluded
denzven/PalindromeChecker.lol	2	0	1	https://github.com/denzven/PalindromeChecker.lol	below-threshold-or-hard-excluded
fruit-in/lolcat-translator	2	0	1	https://github.com/fruit-in/lolcat-translator	below-threshold-or-hard-excluded
hmlendea/rock-paper-scissors-lolcode	2	0	1	https://github.com/hmlendea/rock-paper-scissors-lolcode	below-threshold-or-hard-excluded
johnmberger/lol-code	2	0	1	https://github.com/johnmberger/lol-code	below-threshold-or-hard-excluded
kssklol/sruik	2	0	1	https://github.com/kssklol/sruik	below-threshold-or-hard-excluded
mewhenthegit/CATOS	2	0	1	https://github.com/mewhenthegit/CATOS	below-threshold-or-hard-excluded
vvisuall/WITHERCC	2	0	1	https://github.com/vvisuall/WITHERCC	below-threshold-or-hard-excluded
wspace/0x0dea-lolcode	2	0	1	https://github.com/wspace/0x0dea-lolcode	below-threshold-or-hard-excluded
zalnur/FEBOWABIT	2	0	1	https://github.com/zalnur/FEBOWABIT	below-threshold-or-hard-excluded
mattleibow/dotnet-lolcode	0	4	0	https://github.com/mattleibow/dotnet-lolcode	below-threshold-or-hard-excluded,path-noise-signal
0xKY/LOL	0	0	0	https://github.com/0xKY/LOL	below-threshold-or-hard-excluded
19mdSkibidi/Wraith	0	0	0	https://github.com/19mdSkibidi/Wraith	below-threshold-or-hard-excluded
3r1k0n/LOLCODEshenanigans	0	0	0	https://github.com/3r1k0n/LOLCODEshenanigans	below-threshold-or-hard-excluded
404notfound229/euthoria.lol	0	0	0	https://github.com/404notfound229/euthoria.lol	below-threshold-or-hard-excluded
621341/erherherh	0	0	0	https://github.com/621341/erherherh	below-threshold-or-hard-excluded
64thlol/64th.lol-Free	0	0	0	https://github.com/64thlol/64th.lol-Free	below-threshold-or-hard-excluded
64thlol/Free-Script-Ver	0	0	0	https://github.com/64thlol/Free-Script-Ver	below-threshold-or-hard-excluded
8fgh/eluon-a-	0	0	0	https://github.com/8fgh/eluon-a-	below-threshold-or-hard-excluded
ATB-UQ/CYANA-Examples	0	0	0	https://github.com/ATB-UQ/CYANA-Examples	below-threshold-or-hard-excluded
Angel1LOLtaps/Angel.LOL1	0	0	0	https://github.com/Angel1LOLtaps/Angel.LOL1	below-threshold-or-hard-excluded
ArnavK-09/trieslolcode	0	0	0	https://github.com/ArnavK-09/trieslolcode	below-threshold-or-hard-excluded
Arosian-Stagg/URL-POST	0	0	0	https://github.com/Arosian-Stagg/URL-POST	below-threshold-or-hard-excluded
ArturLange/esoteric_langs	0	0	0	https://github.com/ArturLange/esoteric_langs	below-threshold-or-hard-excluded
BCRevels/Towers-of-Hanoi	0	0	0	https://github.com/BCRevels/Towers-of-Hanoi	below-threshold-or-hard-excluded
BHuber55/CPSC4100	0	0	0	https://github.com/BHuber55/CPSC4100	below-threshold-or-hard-excluded
Ben-Meredith/3PlayerGithub-1v1.lol	0	0	0	https://github.com/Ben-Meredith/3PlayerGithub-1v1.lol	below-threshold-or-hard-excluded
Blasteed/ESOS	0	0	0	https://github.com/Blasteed/ESOS	below-threshold-or-hard-excluded
CMSC124-SAT-SEM1-2021/Gamata_M_Tiangson_C_LOLCODE	0	0	0	https://github.com/CMSC124-SAT-SEM1-2021/Gamata_M_Tiangson_C_LOLCODE	below-threshold-or-hard-excluded
Camto/mk.lol	0	0	0	https://github.com/Camto/mk.lol	below-threshold-or-hard-excluded
Chingles2404/first-lolcode-program	0	0	0	https://github.com/Chingles2404/first-lolcode-program	below-threshold-or-hard-excluded
CiroPhoenix/ProyectoFinalOptimizacion	0	0	0	https://github.com/CiroPhoenix/ProyectoFinalOptimizacion	below-threshold-or-hard-excluded
Cold-Script/V5	0	0	0	https://github.com/Cold-Script/V5	below-threshold-or-hard-excluded
Colean128/MultiCalc	0	0	0	https://github.com/Colean128/MultiCalc	below-threshold-or-hard-excluded
CookieScript/Fixscript	0	0	0	https://github.com/CookieScript/Fixscript	below-threshold-or-hard-excluded
CookieScript/dino	0	0	0	https://github.com/CookieScript/dino	below-threshold-or-hard-excluded
Criiiis12/Byhub.lol	0	0	0	https://github.com/Criiiis12/Byhub.lol	below-threshold-or-hard-excluded
Csabi6/Frost-lol	0	0	0	https://github.com/Csabi6/Frost-lol	below-threshold-or-hard-excluded
CyDoor/scriptlets	0	0	0	https://github.com/CyDoor/scriptlets	below-threshold-or-hard-excluded
DanielaSanluis/Practica2-descifradorKuakers	0	0	0	https://github.com/DanielaSanluis/Practica2-descifradorKuakers	below-threshold-or-hard-excluded
DetainedMonkey2891/drain.lol-modified	0	0	0	https://github.com/DetainedMonkey2891/drain.lol-modified	below-threshold-or-hard-excluded
DetainedMonkey2891/future.lol	0	0	0	https://github.com/DetainedMonkey2891/future.lol	below-threshold-or-hard-excluded
Doctor0Evil/fan.asia	0	0	0	https://github.com/Doctor0Evil/fan.asia	below-threshold-or-hard-excluded
Dxrkrumor/Dxrkrumor	0	0	0	https://github.com/Dxrkrumor/Dxrkrumor	below-threshold-or-hard-excluded
Elimurray/COMPX301-A1	0	0	0	https://github.com/Elimurray/COMPX301-A1	below-threshold-or-hard-excluded
Emashzed/dotp2013mod	0	0	0	https://github.com/Emashzed/dotp2013mod	below-threshold-or-hard-excluded
EvanCPSC/lolcodes	0	0	0	https://github.com/EvanCPSC/lolcodes	below-threshold-or-hard-excluded
FRTAX/labs.felixal..ch	0	0	0	https://github.com/FRTAX/labs.felixal..ch	below-threshold-or-hard-excluded
Flanchyowo/AV4	0	0	0	https://github.com/Flanchyowo/AV4	below-threshold-or-hard-excluded
FluxiumLOL/Fluxiumisbetter	0	0	0	https://github.com/FluxiumLOL/Fluxiumisbetter	below-threshold-or-hard-excluded
FoxWorn3365/LOL-Test	0	0	0	https://github.com/FoxWorn3365/LOL-Test	below-threshold-or-hard-excluded
FranciscoMendiola/criptografia	0	0	0	https://github.com/FranciscoMendiola/criptografia	below-threshold-or-hard-excluded
Frozerm/exkeys	0	0	0	https://github.com/Frozerm/exkeys	below-threshold-or-hard-excluded
GabssNb/Projeto1	0	0	0	https://github.com/GabssNb/Projeto1	below-threshold-or-hard-excluded
Ghostzzzzzzzzzzz/GitHub.io-classroom6-x	0	0	0	https://github.com/Ghostzzzzzzzzzzz/GitHub.io-classroom6-x	below-threshold-or-hard-excluded
GregBoyTyyuiss/Zertalious-Bypassed	0	0	0	https://github.com/GregBoyTyyuiss/Zertalious-Bypassed	below-threshold-or-hard-excluded
GregersBoye/iCanHazCaek	0	0	0	https://github.com/GregersBoye/iCanHazCaek	below-threshold-or-hard-excluded
HG-Chenxin/Da-Hood	0	0	0	https://github.com/HG-Chenxin/Da-Hood	below-threshold-or-hard-excluded
HIGHERJOD/HIGHERJOD	0	0	0	https://github.com/HIGHERJOD/HIGHERJOD	below-threshold-or-hard-excluded
Hanuman-Enterprises/Milk-and-Ice-cream-parlour	0	0	0	https://github.com/Hanuman-Enterprises/Milk-and-Ice-cream-parlour	below-threshold-or-hard-excluded
HeyHeyPizza111/oof	0	0	0	https://github.com/HeyHeyPizza111/oof	below-threshold-or-hard-excluded
HugoSjoholm/git_practice	0	0	0	https://github.com/HugoSjoholm/git_practice	below-threshold-or-hard-excluded
I393i383i292i/MIKIMARU.LOL	0	0	0	https://github.com/I393i383i292i/MIKIMARU.LOL	below-threshold-or-hard-excluded
IAlwaysTap/freetable	0	0	0	https://github.com/IAlwaysTap/freetable	below-threshold-or-hard-excluded
IAlwaysTap/table	0	0	0	https://github.com/IAlwaysTap/table	below-threshold-or-hard-excluded
ICantTap/table-	0	0	0	https://github.com/ICantTap/table-	below-threshold-or-hard-excluded
Iights/red-refuge-hard-guide-master	0	0	0	https://github.com/Iights/red-refuge-hard-guide-master	below-threshold-or-hard-excluded
ImNotW4CH0/LibertyCounty	0	0	0	https://github.com/ImNotW4CH0/LibertyCounty	below-threshold-or-hard-excluded
Insanity267/cali.lol-updated-made-by-insanity	0	0	0	https://github.com/Insanity267/cali.lol-updated-made-by-insanity	below-threshold-or-hard-excluded
Isidroggs/Zaphub	0	0	0	https://github.com/Isidroggs/Zaphub	below-threshold-or-hard-excluded
ItsNickBarry/hanoi-lol	0	0	0	https://github.com/ItsNickBarry/hanoi-lol	below-threshold-or-hard-excluded
JarviSripts/Lol	0	0	0	https://github.com/JarviSripts/Lol	below-threshold-or-hard-excluded
Jayfrr/ErazedLOL	0	0	0	https://github.com/Jayfrr/ErazedLOL	below-threshold-or-hard-excluded
Jhon3342/Jhon3342	0	0	0	https://github.com/Jhon3342/Jhon3342	below-threshold-or-hard-excluded
JonathanMcCormickJr/my-first-lolcode-program	0	0	0	https://github.com/JonathanMcCormickJr/my-first-lolcode-program	below-threshold-or-hard-excluded
Jun-L04/RelativelyPRIME	0	0	0	https://github.com/Jun-L04/RelativelyPRIME	below-threshold-or-hard-excluded
KAYDAVID/LOLCALC	0	0	0	https://github.com/KAYDAVID/LOLCALC	below-threshold-or-hard-excluded
KevinW1998/TGMSampleWorkspace	0	0	0	https://github.com/KevinW1998/TGMSampleWorkspace	below-threshold-or-hard-excluded
KingNothingXD/clocked-games	0	0	0	https://github.com/KingNothingXD/clocked-games	below-threshold-or-hard-excluded
LonnonDev/EsolangFun	0	0	0	https://github.com/LonnonDev/EsolangFun	below-threshold-or-hard-excluded
M2Development/Web	0	0	0	https://github.com/M2Development/Web	below-threshold-or-hard-excluded
MRrebo0t3d/structure-supplements	0	0	0	https://github.com/MRrebo0t3d/structure-supplements	below-threshold-or-hard-excluded
MaksimKayumov/IGNORED-Lang	0	0	0	https://github.com/MaksimKayumov/IGNORED-Lang	below-threshold-or-hard-excluded
MarchHubOnTopFr/Obfuscator-	0	0	0	https://github.com/MarchHubOnTopFr/Obfuscator-	below-threshold-or-hard-excluded
McCartneyAC/camel	0	0	0	https://github.com/McCartneyAC/camel	below-threshold-or-hard-excluded
MeliLiz/DecryptFiles	0	0	0	https://github.com/MeliLiz/DecryptFiles	below-threshold-or-hard-excluded
Milkdromeda-333/Favorite-food-using-LOLCODE	0	0	0	https://github.com/Milkdromeda-333/Favorite-food-using-LOLCODE	below-threshold-or-hard-excluded
Milkdromeda-333/Integer-calculator-using-LOLCODE	0	0	0	https://github.com/Milkdromeda-333/Integer-calculator-using-LOLCODE	below-threshold-or-hard-excluded
Milkdromeda-333/name-asker-wiff-LOLCODE	0	0	0	https://github.com/Milkdromeda-333/name-asker-wiff-LOLCODE	below-threshold-or-hard-excluded
MissNela/Dogisekbot	0	0	0	https://github.com/MissNela/Dogisekbot	below-threshold-or-hard-excluded
MoonProductions/Bombing	0	0	0	https://github.com/MoonProductions/Bombing	below-threshold-or-hard-excluded
MuhaCoded/HOT	0	0	0	https://github.com/MuhaCoded/HOT	below-threshold-or-hard-excluded
MysteryHubRoblox/Premium	0	0	0	https://github.com/MysteryHubRoblox/Premium	below-threshold-or-hard-excluded
NF737/Revolution.lol	0	0	0	https://github.com/NF737/Revolution.lol	below-threshold-or-hard-excluded
NF737/Revolution.xd	0	0	0	https://github.com/NF737/Revolution.xd	below-threshold-or-hard-excluded
NF737/Test2test2test2	0	0	0	https://github.com/NF737/Test2test2test2	below-threshold-or-hard-excluded
Nic4Scripts/sigma.luminaiatest-master	0	0	0	https://github.com/Nic4Scripts/sigma.luminaiatest-master	below-threshold-or-hard-excluded
Nic4Scripts/theBest4hubs.	0	0	0	https://github.com/Nic4Scripts/theBest4hubs.	below-threshold-or-hard-excluded
NickCarneiro/lolstack	0	0	0	https://github.com/NickCarneiro/lolstack	below-threshold-or-hard-excluded
NubKikuo/Xeno	0	0	0	https://github.com/NubKikuo/Xeno	below-threshold-or-hard-excluded
NyxProject/Nyx.lol	0	0	0	https://github.com/NyxProject/Nyx.lol	below-threshold-or-hard-excluded
Onlywins10/Onlywins.Lol	0	0	0	https://github.com/Onlywins10/Onlywins.Lol	below-threshold-or-hard-excluded
Orbit293/Orbit.lol	0	0	0	https://github.com/Orbit293/Orbit.lol	below-threshold-or-hard-excluded
Peppe-Script/hugegames.lol	0	0	0	https://github.com/Peppe-Script/hugegames.lol	below-threshold-or-hard-excluded
Pixelz22/random_junk	0	0	0	https://github.com/Pixelz22/random_junk	below-threshold-or-hard-excluded
PwrBlitz/game	0	0	0	https://github.com/PwrBlitz/game	below-threshold-or-hard-excluded
PwrBlitz/games	0	0	0	https://github.com/PwrBlitz/games	below-threshold-or-hard-excluded
RaddedMC/gcd-in-lol	0	0	0	https://github.com/RaddedMC/gcd-in-lol	below-threshold-or-hard-excluded
Rafelk3/da-hood	0	0	0	https://github.com/Rafelk3/da-hood	below-threshold-or-hard-excluded
Rafelk3/phantom	0	0	0	https://github.com/Rafelk3/phantom	below-threshold-or-hard-excluded
Reviar20/Pero	0	0	0	https://github.com/Reviar20/Pero	below-threshold-or-hard-excluded
Royisabelle/exercice-git	0	0	0	https://github.com/Royisabelle/exercice-git	below-threshold-or-hard-excluded
Ryun1/idk-aiken	0	0	0	https://github.com/Ryun1/idk-aiken	below-threshold-or-hard-excluded
SAINTLTM53/Cobra	0	0	0	https://github.com/SAINTLTM53/Cobra	below-threshold-or-hard-excluded
SCRIPTDEVELOPERzzzz/llllllllllllllllllzzzzlzlzlzllzzllzlz	0	0	0	https://github.com/SCRIPTDEVELOPERzzzz/llllllllllllllllllzzzzlzlzlzllzzllzlz	below-threshold-or-hard-excluded
SYST3MX3X/Hub	0	0	0	https://github.com/SYST3MX3X/Hub	below-threshold-or-hard-excluded
SebastianWalker/random	0	0	0	https://github.com/SebastianWalker/random	below-threshold-or-hard-excluded
Splay1/Jailbird.lol	0	0	0	https://github.com/Splay1/Jailbird.lol	below-threshold-or-hard-excluded
Syncreturnz/Echo.l	0	0	0	https://github.com/Syncreturnz/Echo.l	below-threshold-or-hard-excluded
TERIHAX/Hydra	0	0	0	https://github.com/TERIHAX/Hydra	below-threshold-or-hard-excluded
THATTONEFEDE/ubuntu	0	0	0	https://github.com/THATTONEFEDE/ubuntu	below-threshold-or-hard-excluded
Tekaicrw/BetaZ.	0	0	0	https://github.com/Tekaicrw/BetaZ.	below-threshold-or-hard-excluded
Tekaicrw/BetaZUI.lol	0	0	0	https://github.com/Tekaicrw/BetaZUI.lol	below-threshold-or-hard-excluded
Tekaicrw/Betaz..	0	0	0	https://github.com/Tekaicrw/Betaz..	below-threshold-or-hard-excluded
Tekaicrw/Fade.lol	0	0	0	https://github.com/Tekaicrw/Fade.lol	below-threshold-or-hard-excluded
Terriferlolfree/Terriferlolfree	0	0	0	https://github.com/Terriferlolfree/Terriferlolfree	below-threshold-or-hard-excluded
Tester398u3f/SOMEBODE	0	0	0	https://github.com/Tester398u3f/SOMEBODE	below-threshold-or-hard-excluded
TheMagicPiston2/Counter-Blox-Scripts	0	0	0	https://github.com/TheMagicPiston2/Counter-Blox-Scripts	below-threshold-or-hard-excluded
TheMagicPiston2/GettingXPHowBoutYouGetSomeBitches	0	0	0	https://github.com/TheMagicPiston2/GettingXPHowBoutYouGetSomeBitches	below-threshold-or-hard-excluded
TheOfficialFancy/CounterBloxHVH	0	0	0	https://github.com/TheOfficialFancy/CounterBloxHVH	below-threshold-or-hard-excluded
TheOfficialFancy/Delta	0	0	0	https://github.com/TheOfficialFancy/Delta	below-threshold-or-hard-excluded
TheeErnie/lolcode_stuff	0	0	0	https://github.com/TheeErnie/lolcode_stuff	below-threshold-or-hard-excluded
ThomasBjornstad/smoosh	0	0	0	https://github.com/ThomasBjornstad/smoosh	below-threshold-or-hard-excluded
TrendyOnTop/Infinity	0	0	0	https://github.com/TrendyOnTop/Infinity	below-threshold-or-hard-excluded
TsukiGva2/game-pet-eng-comp	0	0	0	https://github.com/TsukiGva2/game-pet-eng-comp	below-threshold-or-hard-excluded
UlisseMini/RockPaperScissors	0	0	0	https://github.com/UlisseMini/RockPaperScissors	below-threshold-or-hard-excluded
UrNotAMoose077/R-U-A-MOOSE-LOL	0	0	0	https://github.com/UrNotAMoose077/R-U-A-MOOSE-LOL	below-threshold-or-hard-excluded
ViWilde/i-can-haz-mr-eatens-name	0	0	0	https://github.com/ViWilde/i-can-haz-mr-eatens-name	below-threshold-or-hard-excluded
VnTotalGui/vngui	0	0	0	https://github.com/VnTotalGui/vngui	below-threshold-or-hard-excluded
WERECODE/TSlick	0	0	0	https://github.com/WERECODE/TSlick	below-threshold-or-hard-excluded
Wellscreem/nuit-de-l-info-DS4	0	0	0	https://github.com/Wellscreem/nuit-de-l-info-DS4	below-threshold-or-hard-excluded
Witherman9001/Silent.lol	0	0	0	https://github.com/Witherman9001/Silent.lol	below-threshold-or-hard-excluded
Xurse/templatefun	0	0	0	https://github.com/Xurse/templatefun	below-threshold-or-hard-excluded
YichuW/RPS	0	0	0	https://github.com/YichuW/RPS	below-threshold-or-hard-excluded
Yin-ofc/name	0	0	0	https://github.com/Yin-ofc/name	below-threshold-or-hard-excluded
Yokaydenstar1/Testing-side-lock	0	0	0	https://github.com/Yokaydenstar1/Testing-side-lock	below-threshold-or-hard-excluded
ZadenMaestas/Dank-Calculator	0	0	0	https://github.com/ZadenMaestas/Dank-Calculator	below-threshold-or-hard-excluded
ZchedrickTheExploiter/wlwlwlwllwlwlwlwlwllwwllwwllwlwlwlwlwlwlwlwllwwllwlwlwlwlwlwlwlwlw	0	0	0	https://github.com/ZchedrickTheExploiter/wlwlwlwllwlwlwlwlwllwwllwwllwlwlwlwlwlwlwlwllwwllwlwlwlwlwlwlwlwlw	below-threshold-or-hard-excluded
Zhodisov/Domain	0	0	0	https://github.com/Zhodisov/Domain	below-threshold-or-hard-excluded
ZurfexDev/Zurfex-Hub-Tech	0	0	0	https://github.com/ZurfexDev/Zurfex-Hub-Tech	below-threshold-or-hard-excluded
a-deakin/Esolang_Decal	0	0	0	https://github.com/a-deakin/Esolang_Decal	below-threshold-or-hard-excluded
aDENTinTIME/toying_with_LOLCODE	0	0	0	https://github.com/aDENTinTIME/toying_with_LOLCODE	below-threshold-or-hard-excluded
alectunbridge/day6	0	0	0	https://github.com/alectunbridge/day6	below-threshold-or-hard-excluded
alessandrotran1209/text-editor	0	0	0	https://github.com/alessandrotran1209/text-editor	below-threshold-or-hard-excluded
allelloo/0x0_dfc_lol	0	0	0	https://github.com/allelloo/0x0_dfc_lol	below-threshold-or-hard-excluded
allelloo/0x0_fbcMain	0	0	0	https://github.com/allelloo/0x0_fbcMain	below-threshold-or-hard-excluded
allelloo/fcclols	0	0	0	https://github.com/allelloo/fcclols	below-threshold-or-hard-excluded
allelloo/fchp1lols	0	0	0	https://github.com/allelloo/fchp1lols	below-threshold-or-hard-excluded
allelloo/lol22	0	0	0	https://github.com/allelloo/lol22	below-threshold-or-hard-excluded
allelloo/lol33fbS-Renamed	0	0	0	https://github.com/allelloo/lol33fbS-Renamed	below-threshold-or-hard-excluded
amsussy/sus	0	0	0	https://github.com/amsussy/sus	below-threshold-or-hard-excluded
amyipdev/acm-dev-git-workshop-sp24	0	0	0	https://github.com/amyipdev/acm-dev-git-workshop-sp24	below-threshold-or-hard-excluded
angel1LOL/ANGEL.LOL2	0	0	0	https://github.com/angel1LOL/ANGEL.LOL2	below-threshold-or-hard-excluded
angel1LOL/Angel.LOL	0	0	0	https://github.com/angel1LOL/Angel.LOL	below-threshold-or-hard-excluded
angel1LOL/Angel.LOL1	0	0	0	https://github.com/angel1LOL/Angel.LOL1	below-threshold-or-hard-excluded
angel1LOL/Angel.LOL5	0	0	0	https://github.com/angel1LOL/Angel.LOL5	below-threshold-or-hard-excluded
angel1LOL/angel.LOL4	0	0	0	https://github.com/angel1LOL/angel.LOL4	below-threshold-or-hard-excluded
antropoceno-code/trial_2	0	0	0	https://github.com/antropoceno-code/trial_2	below-threshold-or-hard-excluded
anttijuu/lolhello	0	0	0	https://github.com/anttijuu/lolhello	below-threshold-or-hard-excluded
aricc24/criptograf-a	0	0	0	https://github.com/aricc24/criptograf-a	below-threshold-or-hard-excluded
artificialstarlight/LOLchat	0	0	0	https://github.com/artificialstarlight/LOLchat	below-threshold-or-hard-excluded
aulandsdalen/lolcat	0	0	0	https://github.com/aulandsdalen/lolcat	below-threshold-or-hard-excluded
babass512/cracked	0	0	0	https://github.com/babass512/cracked	below-threshold-or-hard-excluded
bllewellyn907-ops/Bronx.lolv1	0	0	0	https://github.com/bllewellyn907-ops/Bronx.lolv1	below-threshold-or-hard-excluded
bt6wmsn7nh-lang/games	0	0	0	https://github.com/bt6wmsn7nh-lang/games	below-threshold-or-hard-excluded
calgl0001/Kazio.lol	0	0	0	https://github.com/calgl0001/Kazio.lol	below-threshold-or-hard-excluded
cataliniacobbitsentinel/testrepo22222	0	0	0	https://github.com/cataliniacobbitsentinel/testrepo22222	below-threshold-or-hard-excluded
classicguru/lucasunblocked	0	0	0	https://github.com/classicguru/lucasunblocked	below-threshold-or-hard-excluded
clickingsim123-sys/EEEEEEEE	0	0	0	https://github.com/clickingsim123-sys/EEEEEEEE	below-threshold-or-hard-excluded
clickingsim123-sys/zz_foodie	0	0	0	https://github.com/clickingsim123-sys/zz_foodie	below-threshold-or-hard-excluded
codOfcodex/EvoisUpScriptzKxGkfFnNmZx	0	0	0	https://github.com/codOfcodex/EvoisUpScriptzKxGkfFnNmZx	below-threshold-or-hard-excluded
codegnomic/luvcookies	0	0	0	https://github.com/codegnomic/luvcookies	below-threshold-or-hard-excluded
coldlikefrost/wfWAFAF	0	0	0	https://github.com/coldlikefrost/wfWAFAF	below-threshold-or-hard-excluded
coolboi8182-star/Stranded.lol	0	0	0	https://github.com/coolboi8182-star/Stranded.lol	below-threshold-or-hard-excluded
crocroxy/crocHub	0	0	0	https://github.com/crocroxy/crocHub	below-threshold-or-hard-excluded
cult200020/BRONX-LOL	0	0	0	https://github.com/cult200020/BRONX-LOL	below-threshold-or-hard-excluded
daniellucasdev/calc-cat	0	0	0	https://github.com/daniellucasdev/calc-cat	below-threshold-or-hard-excluded
db8dev/idk	0	0	0	https://github.com/db8dev/idk	below-threshold-or-hard-excluded
dcooke072711/Rush.lol	0	0	0	https://github.com/dcooke072711/Rush.lol	below-threshold-or-hard-excluded
deimastudiomusic/deimastudiomusic	0	0	0	https://github.com/deimastudiomusic/deimastudiomusic	below-threshold-or-hard-excluded
devoops0/lolfun	0	0	0	https://github.com/devoops0/lolfun	below-threshold-or-hard-excluded
dikshabanka/demo_repo	0	0	0	https://github.com/dikshabanka/demo_repo	below-threshold-or-hard-excluded
eclipzstore/psdfabkpfzdaoszdfjboadsfjnsdfpsadfpajsdxlvzxclvoldszjvask	0	0	0	https://github.com/eclipzstore/psdfabkpfzdaoszdfjboadsfjnsdfpsadfpajsdxlvzxclvoldszjvask	below-threshold-or-hard-excluded
english-or-spanish09/New-best-camlock-	0	0	0	https://github.com/english-or-spanish09/New-best-camlock-	below-threshold-or-hard-excluded
ericthedumbass/ericthedumbass	0	0	0	https://github.com/ericthedumbass/ericthedumbass	below-threshold-or-hard-excluded
eshaan011/lol	0	0	0	https://github.com/eshaan011/lol	below-threshold-or-hard-excluded
essokji873037/Meow-	0	0	0	https://github.com/essokji873037/Meow-	below-threshold-or-hard-excluded
exenok-drxco/my-lua-scriptjh	0	0	0	https://github.com/exenok-drxco/my-lua-scriptjh	below-threshold-or-hard-excluded
exenok-drxco/scripterr	0	0	0	https://github.com/exenok-drxco/scripterr	below-threshold-or-hard-excluded
fakecurfew/d	0	0	0	https://github.com/fakecurfew/d	below-threshold-or-hard-excluded
funkymonkeymonk/chocolate	0	0	0	https://github.com/funkymonkeymonk/chocolate	below-threshold-or-hard-excluded
gamedropp/games	0	0	0	https://github.com/gamedropp/games	below-threshold-or-hard-excluded
gfhgASJAGSDGafsdgfhdjksjfhadEFHGJGFGJ/crizoq	0	0	0	https://github.com/gfhgASJAGSDGafsdgfhdjksjfhadEFHGJGFGJ/crizoq	below-threshold-or-hard-excluded
gyattttttt89/sebbiegotrizzandteddygetshuzz.sebbie.teddy.lol	0	0	0	https://github.com/gyattttttt89/sebbiegotrizzandteddygetshuzz.sebbie.teddy.lol	below-threshold-or-hard-excluded
harsh778/lol	0	0	0	https://github.com/harsh778/lol	below-threshold-or-hard-excluded
hectoxor/DFS-in-LOLcode	0	0	0	https://github.com/hectoxor/DFS-in-LOLcode	below-threshold-or-hard-excluded
heldpython-prog/707.lol	0	0	0	https://github.com/heldpython-prog/707.lol	below-threshold-or-hard-excluded
heydyago/Hello	0	0	0	https://github.com/heydyago/Hello	below-threshold-or-hard-excluded
himanshudas75/test_repo	0	0	0	https://github.com/himanshudas75/test_repo	below-threshold-or-hard-excluded
htrant/lol-world	0	0	0	https://github.com/htrant/lol-world	below-threshold-or-hard-excluded
huaiyudavid/code-golf-2018-fall	0	0	0	https://github.com/huaiyudavid/code-golf-2018-fall	below-threshold-or-hard-excluded
hyongchuah/SCC201701Pr2	0	0	0	https://github.com/hyongchuah/SCC201701Pr2	below-threshold-or-hard-excluded
i8i8d2d2/Burnt.lol-beta	0	0	0	https://github.com/i8i8d2d2/Burnt.lol-beta	below-threshold-or-hard-excluded
idklolexd8U/mystuff	0	0	0	https://github.com/idklolexd8U/mystuff	below-threshold-or-hard-excluded
in0x/spoj_lol	0	0	0	https://github.com/in0x/spoj_lol	below-threshold-or-hard-excluded
itrujnara/List_1_LOLCODE	0	0	0	https://github.com/itrujnara/List_1_LOLCODE	below-threshold-or-hard-excluded
james101c/kafka-blend	0	0	0	https://github.com/james101c/kafka-blend	below-threshold-or-hard-excluded
jamezroux/rubiks	0	0	0	https://github.com/jamezroux/rubiks	below-threshold-or-hard-excluded
jessicamarie/cat-translator	0	0	0	https://github.com/jessicamarie/cat-translator	below-threshold-or-hard-excluded
jojo2357/ConvolutionLolcode	0	0	0	https://github.com/jojo2357/ConvolutionLolcode	below-threshold-or-hard-excluded
jrochafonso/lolcode_tryout	0	0	0	https://github.com/jrochafonso/lolcode_tryout	below-threshold-or-hard-excluded
jsultttt/Jsultttt.github.io	0	0	0	https://github.com/jsultttt/Jsultttt.github.io	below-threshold-or-hard-excluded
julienBelinga/Hangman	0	0	0	https://github.com/julienBelinga/Hangman	below-threshold-or-hard-excluded
kalagendxavrick/Despair.lol	0	0	0	https://github.com/kalagendxavrick/Despair.lol	below-threshold-or-hard-excluded
keny-studio/get-it	0	0	0	https://github.com/keny-studio/get-it	below-threshold-or-hard-excluded
kerbiggestfan123/imker.github.com	0	0	0	https://github.com/kerbiggestfan123/imker.github.com	below-threshold-or-hard-excluded
kevinahuber/LOLCATFUNYAY	0	0	0	https://github.com/kevinahuber/LOLCATFUNYAY	below-threshold-or-hard-excluded
keyos7824/shom	0	0	0	https://github.com/keyos7824/shom	below-threshold-or-hard-excluded
komradehieu/kali-linux-dotfiles	0	0	0	https://github.com/komradehieu/kali-linux-dotfiles	below-threshold-or-hard-excluded
kuroyrd/Byhub	0	0	0	https://github.com/kuroyrd/Byhub	below-threshold-or-hard-excluded
kuroyrd/Byhub-	0	0	0	https://github.com/kuroyrd/Byhub-	below-threshold-or-hard-excluded
kuroyrd/Byhub-.	0	0	0	https://github.com/kuroyrd/Byhub-.	below-threshold-or-hard-excluded
kuroyrd/Byhub.lol-	0	0	0	https://github.com/kuroyrd/Byhub.lol-	below-threshold-or-hard-excluded
kuroyrd/Byhub.lol.-	0	0	0	https://github.com/kuroyrd/Byhub.lol.-	below-threshold-or-hard-excluded
kylemacey/hellolololol	0	0	0	https://github.com/kylemacey/hellolololol	below-threshold-or-hard-excluded
kz2d/github-test	0	0	0	https://github.com/kz2d/github-test	below-threshold-or-hard-excluded
laudima/Cripto-Practica4	0	0	0	https://github.com/laudima/Cripto-Practica4	below-threshold-or-hard-excluded
lazer93/lazer-script	0	0	0	https://github.com/lazer93/lazer-script	below-threshold-or-hard-excluded
lbarry00/LOL	0	0	0	https://github.com/lbarry00/LOL	below-threshold-or-hard-excluded
lilyofthealley/things	0	0	0	https://github.com/lilyofthealley/things	below-threshold-or-hard-excluded
lolcodepp/gopherd.lol	0	0	0	https://github.com/lolcodepp/gopherd.lol	below-threshold-or-hard-excluded
lolcodepp/httpd.lol	0	0	0	https://github.com/lolcodepp/httpd.lol	below-threshold-or-hard-excluded
lolcodepp/sketches	0	0	0	https://github.com/lolcodepp/sketches	below-threshold-or-hard-excluded
lolphantomm/phantommm	0	0	0	https://github.com/lolphantomm/phantommm	below-threshold-or-hard-excluded
mac2115/Criminality	0	0	0	https://github.com/mac2115/Criminality	below-threshold-or-hard-excluded
maddi-source/auto-dhc-farm-mad.lol	0	0	0	https://github.com/maddi-source/auto-dhc-farm-mad.lol	below-threshold-or-hard-excluded
maddiesloadstrings/MAD.LOLrevamp	0	0	0	https://github.com/maddiesloadstrings/MAD.LOLrevamp	below-threshold-or-hard-excluded
mainluaa/Bypass	0	0	0	https://github.com/mainluaa/Bypass	below-threshold-or-hard-excluded
maji-lolxd/script	0	0	0	https://github.com/maji-lolxd/script	below-threshold-or-hard-excluded
manisha069/Even-Odd-LOLCODE	0	0	0	https://github.com/manisha069/Even-Odd-LOLCODE	below-threshold-or-hard-excluded
matauranz/NigelPitts	0	0	0	https://github.com/matauranz/NigelPitts	below-threshold-or-hard-excluded
murilo-cunha/lol	0	0	0	https://github.com/murilo-cunha/lol	below-threshold-or-hard-excluded
mwango-phoenix/tic-tac-toe	0	0	0	https://github.com/mwango-phoenix/tic-tac-toe	below-threshold-or-hard-excluded
nicky-cyber/skoletest	0	0	0	https://github.com/nicky-cyber/skoletest	below-threshold-or-hard-excluded
nijerboy69/mm	0	0	0	https://github.com/nijerboy69/mm	below-threshold-or-hard-excluded
nina-vyedin-simplisafe/agentic-workshop	0	0	0	https://github.com/nina-vyedin-simplisafe/agentic-workshop	below-threshold-or-hard-excluded
nitro404/Dank_Nukem_420	0	0	0	https://github.com/nitro404/Dank_Nukem_420	below-threshold-or-hard-excluded
nzvww/nzvwlol	0	0	0	https://github.com/nzvww/nzvwlol	below-threshold-or-hard-excluded
ocrossi/learn_git	0	0	0	https://github.com/ocrossi/learn_git	below-threshold-or-hard-excluded
okrayv/acer	0	0	0	https://github.com/okrayv/acer	below-threshold-or-hard-excluded
okrayv/alysum.lol	0	0	0	https://github.com/okrayv/alysum.lol	below-threshold-or-hard-excluded
ottania/PENNAPPS	0	0	0	https://github.com/ottania/PENNAPPS	below-threshold-or-hard-excluded
pallaspa/Webmail-Update	0	0	0	https://github.com/pallaspa/Webmail-Update	below-threshold-or-hard-excluded
pallaspa/ssa	0	0	0	https://github.com/pallaspa/ssa	below-threshold-or-hard-excluded
parthks/undergroundz	0	0	0	https://github.com/parthks/undergroundz	below-threshold-or-hard-excluded
patnc/patnc.modified	0	0	0	https://github.com/patnc/patnc.modified	below-threshold-or-hard-excluded
pdtxie/esolang-decal	0	0	0	https://github.com/pdtxie/esolang-decal	below-threshold-or-hard-excluded
phovg/Mad.LOL_	0	0	0	https://github.com/phovg/Mad.LOL_	below-threshold-or-hard-excluded
purplesstrat/altstore	0	0	0	https://github.com/purplesstrat/altstore	below-threshold-or-hard-excluded
pyhlol/sandcastle.lol	0	0	0	https://github.com/pyhlol/sandcastle.lol	below-threshold-or-hard-excluded
r200256/remote-test	0	0	0	https://github.com/r200256/remote-test	below-threshold-or-hard-excluded
r200256/test_lol	0	0	0	https://github.com/r200256/test_lol	below-threshold-or-hard-excluded
r3dddcr12111m/r3dcr1mdur	0	0	0	https://github.com/r3dddcr12111m/r3dcr1mdur	below-threshold-or-hard-excluded
rafelk35/dahood	0	0	0	https://github.com/rafelk35/dahood	below-threshold-or-hard-excluded
rahmat225/gtw-anjir	0	0	0	https://github.com/rahmat225/gtw-anjir	below-threshold-or-hard-excluded
rayanes3/dahood	0	0	0	https://github.com/rayanes3/dahood	below-threshold-or-hard-excluded
redarcel0-creator/Nav.LOL	0	0	0	https://github.com/redarcel0-creator/Nav.LOL	below-threshold-or-hard-excluded
redarcel0-creator/Nav.LOL-	0	0	0	https://github.com/redarcel0-creator/Nav.LOL-	below-threshold-or-hard-excluded
reloadercf/repasoJavaScript	0	0	0	https://github.com/reloadercf/repasoJavaScript	below-threshold-or-hard-excluded
ritchie229/trainer	0	0	0	https://github.com/ritchie229/trainer	below-threshold-or-hard-excluded
ryt1235yt-arch/No	0	0	0	https://github.com/ryt1235yt-arch/No	below-threshold-or-hard-excluded
sagpkkp3ako0sgjkoji4o-jdia-giresjghdsh/f	0	0	0	https://github.com/sagpkkp3ako0sgjkoji4o-jdia-giresjghdsh/f	below-threshold-or-hard-excluded
sagpkkp3ako0sgjkoji4o-jdia-giresjghdsh/pizdec	0	0	0	https://github.com/sagpkkp3ako0sgjkoji4o-jdia-giresjghdsh/pizdec	below-threshold-or-hard-excluded
sailol1/Sai.lol-trial-camlock	0	0	0	https://github.com/sailol1/Sai.lol-trial-camlock	below-threshold-or-hard-excluded
sailol1/Sai.lolxd	0	0	0	https://github.com/sailol1/Sai.lolxd	below-threshold-or-hard-excluded
sampoder/esolangs	0	0	0	https://github.com/sampoder/esolangs	below-threshold-or-hard-excluded
samu63cs/DSiHacker	0	0	0	https://github.com/samu63cs/DSiHacker	below-threshold-or-hard-excluded
selsei/tn-archive	0	0	0	https://github.com/selsei/tn-archive	below-threshold-or-hard-excluded
selujum/Test	0	0	0	https://github.com/selujum/Test	below-threshold-or-hard-excluded
shakar60/WestBound	0	0	0	https://github.com/shakar60/WestBound	below-threshold-or-hard-excluded
shiloisbetter/hi	0	0	0	https://github.com/shiloisbetter/hi	below-threshold-or-hard-excluded
sigmalua/doge.lol	0	0	0	https://github.com/sigmalua/doge.lol	below-threshold-or-hard-excluded
sintexxy/Whitelists	0	0	0	https://github.com/sintexxy/Whitelists	below-threshold-or-hard-excluded
sizerdev/sizereeererrrer	0	0	0	https://github.com/sizerdev/sizereeererrrer	below-threshold-or-hard-excluded
skibiditoiletriz/spooky.lol	0	0	0	https://github.com/skibiditoiletriz/spooky.lol	below-threshold-or-hard-excluded
skleenn/calkulatur	0	0	0	https://github.com/skleenn/calkulatur	below-threshold-or-hard-excluded
spicebag/cursed-code	0	0	0	https://github.com/spicebag/cursed-code	below-threshold-or-hard-excluded
ssuksawat/LOLTACTOE	0	0	0	https://github.com/ssuksawat/LOLTACTOE	below-threshold-or-hard-excluded
surv-is-a-dev/surv-is-a-dev.github.io	0	0	0	https://github.com/surv-is-a-dev/surv-is-a-dev.github.io	below-threshold-or-hard-excluded
tanabesan/lolbeans	0	0	0	https://github.com/tanabesan/lolbeans	below-threshold-or-hard-excluded
technoi7/ticTacToeLOLCODE	0	0	0	https://github.com/technoi7/ticTacToeLOLCODE	below-threshold-or-hard-excluded
theFox6/LOLCoinz	0	0	0	https://github.com/theFox6/LOLCoinz	below-threshold-or-hard-excluded
toastyt0ast/-1234567890--qwertyuiop-asdfghjkl-zxcvbnm-.-	0	0	0	https://github.com/toastyt0ast/-1234567890--qwertyuiop-asdfghjkl-zxcvbnm-.-	below-threshold-or-hard-excluded
tpayet/azurecitest	0	0	0	https://github.com/tpayet/azurecitest	below-threshold-or-hard-excluded
tscscs/tscscs	0	0	0	https://github.com/tscscs/tscscs	below-threshold-or-hard-excluded
tuffk/lols	0	0	0	https://github.com/tuffk/lols	below-threshold-or-hard-excluded
tw1shh/GUI	0	0	0	https://github.com/tw1shh/GUI	below-threshold-or-hard-excluded
uaicoin/branding	0	0	0	https://github.com/uaicoin/branding	below-threshold-or-hard-excluded
ulrich-barnstedt-archive/brainfuck.lol	0	0	0	https://github.com/ulrich-barnstedt-archive/brainfuck.lol	below-threshold-or-hard-excluded
unknowngam3s/unknowngam3s.github.io	0	0	0	https://github.com/unknowngam3s/unknowngam3s.github.io	below-threshold-or-hard-excluded
uselessproyects/kdsfd	0	0	0	https://github.com/uselessproyects/kdsfd	below-threshold-or-hard-excluded
vVisage-gg/Rxnic	0	0	0	https://github.com/vVisage-gg/Rxnic	below-threshold-or-hard-excluded
vVisage-gg/respiratory.lol	0	0	0	https://github.com/vVisage-gg/respiratory.lol	below-threshold-or-hard-excluded
vVisage-gg/respiratory.lol-paid	0	0	0	https://github.com/vVisage-gg/respiratory.lol-paid	below-threshold-or-hard-excluded
vanis1980/Vanis.LOL	0	0	0	https://github.com/vanis1980/Vanis.LOL	below-threshold-or-hard-excluded
vcosqui/kubernetes-deployment-demo	0	0	0	https://github.com/vcosqui/kubernetes-deployment-demo	below-threshold-or-hard-excluded
vincethecoder4/xRay.lol	0	0	0	https://github.com/vincethecoder4/xRay.lol	below-threshold-or-hard-excluded
voqio/evo	0	0	0	https://github.com/voqio/evo	below-threshold-or-hard-excluded
wattsap/lolearning	0	0	0	https://github.com/wattsap/lolearning	below-threshold-or-hard-excluded
willfindlay/rms-guide	0	0	0	https://github.com/willfindlay/rms-guide	below-threshold-or-hard-excluded
willfourtwenty/rush-team_project	0	0	0	https://github.com/willfourtwenty/rush-team_project	below-threshold-or-hard-excluded
williamlaurent/hssi	0	0	0	https://github.com/williamlaurent/hssi	below-threshold-or-hard-excluded
wonder-coconut/lolcode_circlejerk	0	0	0	https://github.com/wonder-coconut/lolcode_circlejerk	below-threshold-or-hard-excluded
xStackScripts/Bronx.lol	0	0	0	https://github.com/xStackScripts/Bronx.lol	below-threshold-or-hard-excluded
xedoyassine0-star/yassine-links	0	0	0	https://github.com/xedoyassine0-star/yassine-links	below-threshold-or-hard-excluded
xyzvvvvq/scripts	0	0	0	https://github.com/xyzvvvvq/scripts	below-threshold-or-hard-excluded
y00mkidd/Xyra.lol	0	0	0	https://github.com/y00mkidd/Xyra.lol	below-threshold-or-hard-excluded
yktj1222/Polo.lol	0	0	0	https://github.com/yktj1222/Polo.lol	below-threshold-or-hard-excluded
zachdeibert/lol-say	0	0	0	https://github.com/zachdeibert/lol-say	below-threshold-or-hard-excluded
zen-teamm/solar.lol	0	0	0	https://github.com/zen-teamm/solar.lol	below-threshold-or-hard-excluded
zkydzil/Dontlookintomycodes	0	0	0	https://github.com/zkydzil/Dontlookintomycodes	below-threshold-or-hard-excluded
zo-chu/pizza_cutter	0	0	0	https://github.com/zo-chu/pizza_cutter	below-threshold-or-hard-excluded
zxnmodsZ/xayius.gui	0	0	0	https://github.com/zxnmodsZ/xayius.gui	below-threshold-or-hard-excluded
jmarias-edu/python-portfolio	-1	7	0	https://github.com/jmarias-edu/python-portfolio	below-threshold-or-hard-excluded,repo-name-noise-signal
jmarias-edu/arias-portfolio	-3	5	0	https://github.com/jmarias-edu/arias-portfolio	below-threshold-or-hard-excluded,repo-name-noise-signal
PatricCaviezel/LOLCODE-Fibonacci	-4	0	0	https://github.com/PatricCaviezel/LOLCODE-Fibonacci	below-threshold-or-hard-excluded,repo-name-noise-signal
Th3-0b3l1sk/CTFs	-7	1	0	https://github.com/Th3-0b3l1sk/CTFs	below-threshold-or-hard-excluded,repo-name-noise-signal
knightking100/hello-worlds	-7	1	0	https://github.com/knightking100/hello-worlds	below-threshold-or-hard-excluded,repo-name-noise-signal
kmoe/fizzbuzz	-9	1	11	https://github.com/kmoe/fizzbuzz	below-threshold-or-hard-excluded,repo-name-noise-signal
dipaola-c/tesina2026	-11	1	0	https://github.com/dipaola-c/tesina2026	below-threshold-or-hard-excluded,path-noise-signal
dipenluitel/hacktoberfest	-11	1	0	https://github.com/dipenluitel/hacktoberfest	below-threshold-or-hard-excluded,path-noise-signal
ridholess/Halo-Dunia24	-11	1	0	https://github.com/ridholess/Halo-Dunia24	below-threshold-or-hard-excluded,path-noise-signal
stefaniscion/esolangs-tests	-11	1	0	https://github.com/stefaniscion/esolangs-tests	below-threshold-or-hard-excluded,path-noise-signal
smola/language-dataset	-12	4	0	https://github.com/smola/language-dataset	below-threshold-or-hard-excluded,repo-name-noise-signal
netfri25/aoc24	-12	2	2	https://github.com/netfri25/aoc24	below-threshold-or-hard-excluded,repo-name-noise-signal
fsill99/fibonacci	-13	1	8	https://github.com/fsill99/fibonacci	below-threshold-or-hard-excluded,repo-name-noise-signal
IrisSec/IrisCTF-2025-Challenges	-14	8	0	https://github.com/IrisSec/IrisCTF-2025-Challenges	below-threshold-or-hard-excluded,embedded-lci-fixtures-signal,repo-name-noise-signal
gisikw/advent-of-code	-14	2	0	https://github.com/gisikw/advent-of-code	below-threshold-or-hard-excluded,repo-name-noise-signal
sopyb/AoC	-14	2	0	https://github.com/sopyb/AoC	below-threshold-or-hard-excluded,repo-name-noise-signal
2020-nCoV/wuhan-jiayou	-15	1	0	https://github.com/2020-nCoV/wuhan-jiayou	below-threshold-or-hard-excluded,repo-name-noise-signal
AharonSambol/AdventOfCode	-15	1	0	https://github.com/AharonSambol/AdventOfCode	below-threshold-or-hard-excluded,repo-name-noise-signal
Aspirar/hello-world	-15	1	0	https://github.com/Aspirar/hello-world	below-threshold-or-hard-excluded,repo-name-noise-signal
BJDG-CM/hello-world	-15	1	0	https://github.com/BJDG-CM/hello-world	below-threshold-or-hard-excluded,repo-name-noise-signal
Keith-S-Thompson/fizzbuzz-polyglot	-15	1	0	https://github.com/Keith-S-Thompson/fizzbuzz-polyglot	below-threshold-or-hard-excluded,repo-name-noise-signal
MKolman/advent-of-code	-15	1	0	https://github.com/MKolman/advent-of-code	below-threshold-or-hard-excluded,repo-name-noise-signal
Mahdi-196/HELLO-WORLD	-15	1	0	https://github.com/Mahdi-196/HELLO-WORLD	below-threshold-or-hard-excluded,repo-name-noise-signal
ManuInDenWolken/Hello-World-collection	-15	1	0	https://github.com/ManuInDenWolken/Hello-World-collection	below-threshold-or-hard-excluded,repo-name-noise-signal
TYehan/Hello-World	-15	1	0	https://github.com/TYehan/Hello-World	below-threshold-or-hard-excluded,repo-name-noise-signal
TheKaushikGoswami/hello-world	-15	1	0	https://github.com/TheKaushikGoswami/hello-world	below-threshold-or-hard-excluded,repo-name-noise-signal
YuriAndropov234/Hello-World-	-15	1	0	https://github.com/YuriAndropov234/Hello-World-	below-threshold-or-hard-excluded,repo-name-noise-signal
abhisek247767/Hello-World	-15	1	0	https://github.com/abhisek247767/Hello-World	below-threshold-or-hard-excluded,repo-name-noise-signal
arjuncvinod/Hello-World-in-Different-Languages	-15	1	0	https://github.com/arjuncvinod/Hello-World-in-Different-Languages	below-threshold-or-hard-excluded,repo-name-noise-signal
chunfeilung/fizzbuzz	-15	1	0	https://github.com/chunfeilung/fizzbuzz	below-threshold-or-hard-excluded,repo-name-noise-signal
handikatriarlan/hello-world-in-every-language	-15	1	0	https://github.com/handikatriarlan/hello-world-in-every-language	below-threshold-or-hard-excluded,repo-name-noise-signal
jzeuzs/hello-world	-15	1	0	https://github.com/jzeuzs/hello-world	below-threshold-or-hard-excluded,repo-name-noise-signal
morkro/fizzbuzz	-15	1	0	https://github.com/morkro/fizzbuzz	below-threshold-or-hard-excluded,repo-name-noise-signal
nitnelave/advent_of_code_2019	-15	1	0	https://github.com/nitnelave/advent_of_code_2019	below-threshold-or-hard-excluded,repo-name-noise-signal
profLeoPupo/Hello-World	-15	1	0	https://github.com/profLeoPupo/Hello-World	below-threshold-or-hard-excluded,repo-name-noise-signal
project-aki/Hello-World	-15	1	0	https://github.com/project-aki/Hello-World	below-threshold-or-hard-excluded,repo-name-noise-signal
wsu-lug/hello-world	-15	1	0	https://github.com/wsu-lug/hello-world	below-threshold-or-hard-excluded,repo-name-noise-signal
zenware/FizzBuzz	-15	1	0	https://github.com/zenware/FizzBuzz	below-threshold-or-hard-excluded,repo-name-noise-signal
zpxio/AdventOfCode2016	-15	1	0	https://github.com/zpxio/AdventOfCode2016	below-threshold-or-hard-excluded,repo-name-noise-signal
demo-exe/ProgrammingChallenges	-20	0	2	https://github.com/demo-exe/ProgrammingChallenges	below-threshold-or-hard-excluded,repo-name-noise-signal
0oAstro/FizzBuzz	-20	0	1	https://github.com/0oAstro/FizzBuzz	below-threshold-or-hard-excluded,repo-name-noise-signal
Danice123/Advent-2021-LOL	-20	0	1	https://github.com/Danice123/Advent-2021-LOL	below-threshold-or-hard-excluded,repo-name-noise-signal
cemtuver/aoc21-lolcode	-20	0	1	https://github.com/cemtuver/aoc21-lolcode	below-threshold-or-hard-excluded,repo-name-noise-signal
AJEvans/AdventOfCode2022	-22	0	0	https://github.com/AJEvans/AdventOfCode2022	below-threshold-or-hard-excluded,repo-name-noise-signal
BrookTheBook/Hello-World-In-LOLCODE	-22	0	0	https://github.com/BrookTheBook/Hello-World-In-LOLCODE	below-threshold-or-hard-excluded,repo-name-noise-signal
Cleggatron/LoLCodeFizzBuzz	-22	0	0	https://github.com/Cleggatron/LoLCodeFizzBuzz	below-threshold-or-hard-excluded,repo-name-noise-signal
JudyCarmody/FizzBuzz	-22	0	0	https://github.com/JudyCarmody/FizzBuzz	below-threshold-or-hard-excluded,repo-name-noise-signal
SMyrick98/hello-world	-22	0	0	https://github.com/SMyrick98/hello-world	below-threshold-or-hard-excluded,repo-name-noise-signal
dandrust/aoc	-22	0	0	https://github.com/dandrust/aoc	below-threshold-or-hard-excluded,repo-name-noise-signal
danfoy/fizzbuzz-lolcode	-22	0	0	https://github.com/danfoy/fizzbuzz-lolcode	below-threshold-or-hard-excluded,repo-name-noise-signal
fr-ad/AoC2023	-22	0	0	https://github.com/fr-ad/AoC2023	below-threshold-or-hard-excluded,repo-name-noise-signal
jakubpawlina/FizzBuzz	-22	0	0	https://github.com/jakubpawlina/FizzBuzz	below-threshold-or-hard-excluded,repo-name-noise-signal
jubiman/AOC2022	-22	0	0	https://github.com/jubiman/AOC2022	below-threshold-or-hard-excluded,repo-name-noise-signal
nchammer/adventofcode2019_lolcode	-22	0	0	https://github.com/nchammer/adventofcode2019_lolcode	below-threshold-or-hard-excluded,repo-name-noise-signal
regnisier/Fizzbuzz	-22	0	0	https://github.com/regnisier/Fizzbuzz	below-threshold-or-hard-excluded,repo-name-noise-signal
zidan4/miniature-adventure	-22	0	0	https://github.com/zidan4/miniature-adventure	below-threshold-or-hard-excluded,repo-name-noise-signal
toAtulArora/IISER_repo	-29	5	0	https://github.com/toAtulArora/IISER_repo	below-threshold-or-hard-excluded,path-noise-signal,repo-name-noise-signal
aubreymoore/roadside	-32	2	0	https://github.com/aubreymoore/roadside	below-threshold-or-hard-excluded,path-noise-signal,repo-name-noise-signal
seanpm2001/Git-Templates	-32	2	0	https://github.com/seanpm2001/Git-Templates	below-threshold-or-hard-excluded,path-noise-signal,repo-name-noise-signal
AngJianming/hello-world-in-every-programming-language	-33	1	0	https://github.com/AngJianming/hello-world-in-every-programming-language	below-threshold-or-hard-excluded,path-noise-signal,repo-name-noise-signal
sourzo/Advent-of-Code	-33	1	0	https://github.com/sourzo/Advent-of-Code	below-threshold-or-hard-excluded,path-noise-signal,repo-name-noise-signal
