repo	in_catalog	in_repo_search	in_code_search	code_hit_count	stars	archived	updated_at	html_url
lofilabo/zoe-true-language	no	no	yes	42	0	no		https://github.com/lofilabo/zoe-true-language
niladriranjandas/DREAMv2	no	yes	yes	31	0	no	2024-03-14T13:51:53Z	https://github.com/niladriranjandas/DREAMv2
jynnantonix/lolcode	no	no	yes	20	0	no		https://github.com/jynnantonix/lolcode
scinscinscin/compiler-design	no	no	yes	20	0	no		https://github.com/scinscinscin/compiler-design
lofilabo/zoe_experiment_1	no	no	yes	16	0	no		https://github.com/lofilabo/zoe_experiment_1
MonliH/lulz	no	no	yes	10	0	no		https://github.com/MonliH/lulz
jtvallente/CMSC124-Project	no	no	yes	10	0	no		https://github.com/jtvallente/CMSC124-Project
lolcodepp/lci	no	no	yes	10	0	no		https://github.com/lolcodepp/lci
redcapital/layo	no	no	yes	10	0	no		https://github.com/redcapital/layo
jocelyne8/lolcode	no	yes	yes	9	4	no	2019-03-31T21:40:10Z	https://github.com/jocelyne8/lolcode
Danie-A/CMSC124_Project_LolCode_Interpreter	no	no	yes	8	0	no		https://github.com/Danie-A/CMSC124_Project_LolCode_Interpreter
IrisSec/IrisCTF-2025-Challenges	no	no	yes	8	0	no		https://github.com/IrisSec/IrisCTF-2025-Challenges
jmarias-edu/python-portfolio	no	no	yes	7	0	no		https://github.com/jmarias-edu/python-portfolio
pilate/yolol-scripts	no	yes	yes	7	0	no	2021-09-26T20:31:48Z	https://github.com/pilate/yolol-scripts
seanpm2001/SNU_2D_ProgrammingTools_IDE_LOLCODE	no	yes	yes	6	2	no	2022-11-12T01:07:54Z	https://github.com/seanpm2001/SNU_2D_ProgrammingTools_IDE_LOLCODE
nikitagrygoriev/LOLCODE_Compiler	no	no	yes	6	0	no		https://github.com/nikitagrygoriev/LOLCODE_Compiler
rtoal/ple	no	no	yes	6	0	no		https://github.com/rtoal/ple
darylldan/lolcode-testcases	no	yes	yes	5	0	no	2025-11-13T08:22:59Z	https://github.com/darylldan/lolcode-testcases
jmarias-edu/arias-portfolio	no	no	yes	5	0	no		https://github.com/jmarias-edu/arias-portfolio
toAtulArora/IISER_repo	no	no	yes	5	0	no		https://github.com/toAtulArora/IISER_repo
mstraughan86/Esoteric-Language-Studies	no	yes	yes	4	7	no	2024-12-25T23:49:09Z	https://github.com/mstraughan86/Esoteric-Language-Studies
Nautilus-Institute/quals-2023	no	no	yes	4	0	no		https://github.com/Nautilus-Institute/quals-2023
browndeer/lcc	no	no	yes	4	0	no		https://github.com/browndeer/lcc
jrppena/ChickenWingsCMSC124Proj	no	no	yes	4	0	no		https://github.com/jrppena/ChickenWingsCMSC124Proj
jwdpanganiban/lolterpreter	no	no	yes	4	0	no		https://github.com/jwdpanganiban/lolterpreter
martindevans/Yolol	no	no	yes	4	0	no		https://github.com/martindevans/Yolol
mattleibow/dotnet-lolcode	no	no	yes	4	0	no		https://github.com/mattleibow/dotnet-lolcode
pmonks/clj-lolcode	no	no	yes	4	0	no		https://github.com/pmonks/clj-lolcode
smola/language-dataset	no	no	yes	4	0	no		https://github.com/smola/language-dataset
chutasano/lolcode	no	yes	yes	3	2	no	2018-08-10T01:23:58Z	https://github.com/chutasano/lolcode
KelvinBeliber/CMSC-124-Project	no	no	yes	3	0	no		https://github.com/KelvinBeliber/CMSC-124-Project
SergioRgVz/PreventAI	no	no	yes	3	0	no		https://github.com/SergioRgVz/PreventAI
UlteriorCoast18/Conocimiento	no	no	yes	3	0	no		https://github.com/UlteriorCoast18/Conocimiento
acmeism/RosettaCodeData	no	no	yes	3	0	no		https://github.com/acmeism/RosettaCodeData
belkadan/lolcode-rb	no	no	yes	3	0	no		https://github.com/belkadan/lolcode-rb
chase-rebstock-TU/Project1	no	no	yes	3	0	no		https://github.com/chase-rebstock-TU/Project1
ckrp120/beilisangels	no	no	yes	3	0	no		https://github.com/ckrp120/beilisangels
driee17/cmsc124-project	no	no	yes	3	0	no		https://github.com/driee17/cmsc124-project
e9-o9/ro9se	no	no	yes	3	0	no		https://github.com/e9-o9/ro9se
emanestares/CMSC124_PROJECT	no	no	yes	3	0	no		https://github.com/emanestares/CMSC124_PROJECT
jerankda/lol-lint	no	no	yes	3	0	no		https://github.com/jerankda/lol-lint
mertabo/cmsc-124-project	no	no	yes	3	0	no		https://github.com/mertabo/cmsc-124-project
mldamalerio/LOLCODE-Interpreter	no	no	yes	3	0	no		https://github.com/mldamalerio/LOLCODE-Interpreter
mreifer1/RUST_LOLCODE_COMPILER	no	no	yes	3	0	no		https://github.com/mreifer1/RUST_LOLCODE_COMPILER
msttnakashima/cmsc124_project	no	no	yes	3	0	no		https://github.com/msttnakashima/cmsc124_project
parrot/lolcode	no	no	yes	3	0	no		https://github.com/parrot/lolcode
roxanneypr/LolCode-interpreter	no	no	yes	3	0	no		https://github.com/roxanneypr/LolCode-interpreter
rseangueco/CMSC124-Galido-Gueco-Valenzuela-Project	no	no	yes	3	0	no		https://github.com/rseangueco/CMSC124-Galido-Gueco-Valenzuela-Project
simark/lolc	no	no	yes	3	0	no		https://github.com/simark/lolc
stefanos1316/Rosetta-Code-Research	no	no	yes	3	0	no		https://github.com/stefanos1316/Rosetta-Code-Research
tedneward/lolcomp	no	no	yes	3	0	no		https://github.com/tedneward/lolcomp
thedavidchu/dolang	no	no	yes	3	0	no		https://github.com/thedavidchu/dolang
Kimbsy/lolcode	no	yes	yes	2	7	no	2026-02-18T18:47:23Z	https://github.com/Kimbsy/lolcode
netfri25/aoc24	no	yes	yes	2	2	no	2025-10-21T20:06:53Z	https://github.com/netfri25/aoc24
Ajlyde/LOLCODE	no	no	yes	2	0	no		https://github.com/Ajlyde/LOLCODE
CharlesTabuzo/LOLCODE-interpreter	no	no	yes	2	0	no		https://github.com/CharlesTabuzo/LOLCODE-interpreter
Danoishere/projektarbeit-2019	no	no	yes	2	0	no		https://github.com/Danoishere/projektarbeit-2019
DavidLiuWangli/CMSC124Project	no	no	yes	2	0	no		https://github.com/DavidLiuWangli/CMSC124Project
HappyHTML/color-picker-game	no	no	yes	2	0	no		https://github.com/HappyHTML/color-picker-game
JiroKristoferTipan/CMSC-124-PROJECT-bahay-norio-tipan	no	no	yes	2	0	no		https://github.com/JiroKristoferTipan/CMSC-124-PROJECT-bahay-norio-tipan
Kenneth-Olano/cmsc124_project	no	no	yes	2	0	no		https://github.com/Kenneth-Olano/cmsc124_project
Stefan-Radu/master	no	no	yes	2	0	no		https://github.com/Stefan-Radu/master
Theoistic/lolcode-dot-net	no	no	yes	2	0	no		https://github.com/Theoistic/lolcode-dot-net
aubreymoore/roadside	no	no	yes	2	0	no		https://github.com/aubreymoore/roadside
camanzanido/LOLCODE-Interpreter	no	no	yes	2	0	no		https://github.com/camanzanido/LOLCODE-Interpreter
chunlea/lolcode-dot-net	no	no	yes	2	0	no		https://github.com/chunlea/lolcode-dot-net
cvpua/CMSC124_Project	no	no	yes	2	0	no		https://github.com/cvpua/CMSC124_Project
gisikw/advent-of-code	no	no	yes	2	0	no		https://github.com/gisikw/advent-of-code
gitsly/lolcode-dot-net	no	no	yes	2	0	no		https://github.com/gitsly/lolcode-dot-net
mattleibow/lolcode-dot-net	no	no	yes	2	0	no		https://github.com/mattleibow/lolcode-dot-net
mutcianm/lolcodec	no	no	yes	2	0	no		https://github.com/mutcianm/lolcodec
nucax/practise-projects	no	no	yes	2	0	no		https://github.com/nucax/practise-projects
rdohms/lolcode-parser	no	no	yes	2	0	no		https://github.com/rdohms/lolcode-parser
sadirige/brazil_decuzar_dirige_project	no	no	yes	2	0	no		https://github.com/sadirige/brazil_decuzar_dirige_project
saibotsivad/add-file-extensions	no	no	yes	2	0	no		https://github.com/saibotsivad/add-file-extensions
seanpm2001/Git-Templates	no	no	yes	2	0	no		https://github.com/seanpm2001/Git-Templates
sopyb/AoC	no	no	yes	2	0	no		https://github.com/sopyb/AoC
unycorn/lolcode-dot-net	no	no	yes	2	0	no		https://github.com/unycorn/lolcode-dot-net
vandorena/Computer-Science-A-Level	no	no	yes	2	0	no		https://github.com/vandorena/Computer-Science-A-Level
zbraniecki/l20n	no	no	yes	2	0	no		https://github.com/zbraniecki/l20n
rodrigocaldeira/tictactoelolcode	no	yes	yes	1	21	no	2024-11-07T18:33:28Z	https://github.com/rodrigocaldeira/tictactoelolcode
kmoe/fizzbuzz	no	yes	yes	1	11	no	2023-04-27T01:54:43Z	https://github.com/kmoe/fizzbuzz
fsill99/fibonacci	no	yes	yes	1	8	no	2025-03-10T20:51:06Z	https://github.com/fsill99/fibonacci
Holarse-Linuxgaming/ashley-madison-simulator	no	yes	yes	1	7	no	2025-07-15T02:12:26Z	https://github.com/Holarse-Linuxgaming/ashley-madison-simulator
HogardDeLauger/lolcode-equation-solver	no	yes	yes	1	5	no	2019-05-02T14:23:15Z	https://github.com/HogardDeLauger/lolcode-equation-solver
staylward/esoteric-fun	no	yes	yes	1	5	no	2019-01-20T21:05:40Z	https://github.com/staylward/esoteric-fun
Buttars/LOLCODE-FIBONACCI	no	yes	yes	1	4	no	2019-12-11T15:04:57Z	https://github.com/Buttars/LOLCODE-FIBONACCI
CuriousCoder1232/1v1-lol-html-html-codes-for-websites	no	yes	yes	1	4	no	2025-07-15T12:51:50Z	https://github.com/CuriousCoder1232/1v1-lol-html-html-codes-for-websites
carlmathisen/htmx-lolcode	no	yes	yes	1	3	no	2025-09-16T11:03:31Z	https://github.com/carlmathisen/htmx-lolcode
justinmeza/lollm	no	yes	yes	1	3	no	2026-03-01T01:34:54Z	https://github.com/justinmeza/lollm
halvards/diamondz-lol	no	yes	yes	1	2	no	2018-08-10T01:24:02Z	https://github.com/halvards/diamondz-lol
TheDummi/Meow	no	yes	yes	1	1	no	2023-06-16T19:40:35Z	https://github.com/TheDummi/Meow
mathisneunzig/LOLCODE	no	yes	yes	1	1	no	2023-09-08T07:37:31Z	https://github.com/mathisneunzig/LOLCODE
mjrb/mongo-lol-driver-example	no	yes	yes	1	1	no	2020-10-17T04:55:42Z	https://github.com/mjrb/mongo-lol-driver-example
0u44/Programming-Languages	no	no	yes	1	0	no		https://github.com/0u44/Programming-Languages
2020-nCoV/wuhan-jiayou	no	no	yes	1	0	no		https://github.com/2020-nCoV/wuhan-jiayou
A1rPun/nurture	no	no	yes	1	0	no		https://github.com/A1rPun/nurture
ABCD-rgb/lolcode-interpreter	no	no	yes	1	0	no		https://github.com/ABCD-rgb/lolcode-interpreter
AbhishekR25/cerner_2_5_2022	no	no	yes	1	0	no		https://github.com/AbhishekR25/cerner_2_5_2022
AharonSambol/AdventOfCode	no	no	yes	1	0	no		https://github.com/AharonSambol/AdventOfCode
AldCristobal/CMSC-124-Project-CodeAndDecode	no	no	yes	1	0	no		https://github.com/AldCristobal/CMSC-124-Project-CodeAndDecode
AlexaCabral/CMSC124_project	no	no	yes	1	0	no		https://github.com/AlexaCabral/CMSC124_project
Aliciahan/JavaRevisionInEnglish	no	no	yes	1	0	no		https://github.com/Aliciahan/JavaRevisionInEnglish
AngJianming/hello-world-in-every-programming-language	no	no	yes	1	0	no		https://github.com/AngJianming/hello-world-in-every-programming-language
AnmiTaliDev/crosshello	no	no	yes	1	0	no		https://github.com/AnmiTaliDev/crosshello
ArkaitzOderiz/ScrapyScraping	no	no	yes	1	0	no		https://github.com/ArkaitzOderiz/ScrapyScraping
Aspirar/hello-world	no	no	yes	1	0	no		https://github.com/Aspirar/hello-world
Association-INTech/TechTheLulz	no	no	yes	1	0	no		https://github.com/Association-INTech/TechTheLulz
BJDG-CM/hello-world	no	no	yes	1	0	no		https://github.com/BJDG-CM/hello-world
BartlomiejRasztabiga/masters-thesis	no	no	yes	1	0	no		https://github.com/BartlomiejRasztabiga/masters-thesis
Benedikt00/AFSS-DA	no	no	yes	1	0	no		https://github.com/Benedikt00/AFSS-DA
Biu-X/biu-x.org	no	no	yes	1	0	no		https://github.com/Biu-X/biu-x.org
BrunoMollo/Backend	no	no	yes	1	0	no		https://github.com/BrunoMollo/Backend
Cannabytes/cannabytes.github.io	no	no	yes	1	0	no		https://github.com/Cannabytes/cannabytes.github.io
CarlosClementBellido/Baco	no	no	yes	1	0	no		https://github.com/CarlosClementBellido/Baco
CherifSami/coq_internship	no	no	yes	1	0	no		https://github.com/CherifSami/coq_internship
ChickenHook/Anubis-pandemidestek	no	no	yes	1	0	no		https://github.com/ChickenHook/Anubis-pandemidestek
CocoaKunG/CocoaKunG	no	no	yes	1	0	no		https://github.com/CocoaKunG/CocoaKunG
CookieScript/Trace.IoI	no	no	yes	1	0	no		https://github.com/CookieScript/Trace.IoI
Cortzalno666/NectoVerse-Industries-Data	no	no	yes	1	0	no		https://github.com/Cortzalno666/NectoVerse-Industries-Data
DanielCapannini/master-thesis-daniel-capannini	no	no	yes	1	0	no		https://github.com/DanielCapannini/master-thesis-daniel-capannini
DevrimBaran/Masterarbeit	no	no	yes	1	0	no		https://github.com/DevrimBaran/Masterarbeit
Doctor0Evil/Zenith-Labs	no	no	yes	1	0	no		https://github.com/Doctor0Evil/Zenith-Labs
Docvoids/MTRPSLab4	no	no	yes	1	0	no		https://github.com/Docvoids/MTRPSLab4
DojoDanger1/predicting-hdi-a-level-project	no	no	yes	1	0	no		https://github.com/DojoDanger1/predicting-hdi-a-level-project
Duponch/viteMaDose	no	no	yes	1	0	no		https://github.com/Duponch/viteMaDose
EMarquer/report_internship	no	no	yes	1	0	no		https://github.com/EMarquer/report_internship
EPresident/UniUdBig	no	no	yes	1	0	no		https://github.com/EPresident/UniUdBig
EbrahimGabriel/lolcode-interpreter	no	no	yes	1	0	no		https://github.com/EbrahimGabriel/lolcode-interpreter
ElMaikina/utfsm-bigdata	no	no	yes	1	0	no		https://github.com/ElMaikina/utfsm-bigdata
Evincars/BachelorText	no	no	yes	1	0	no		https://github.com/Evincars/BachelorText
FatBenny99/Thesis-Verefoo	no	no	yes	1	0	no		https://github.com/FatBenny99/Thesis-Verefoo
GabrielRocha/Monografia	no	no	yes	1	0	no		https://github.com/GabrielRocha/Monografia
GeSHi/coderepo	no	no	yes	1	0	no		https://github.com/GeSHi/coderepo
General-Infinity/pigs	no	no	yes	1	0	no		https://github.com/General-Infinity/pigs
GeorgJung/Impact	no	no	yes	1	0	no		https://github.com/GeorgJung/Impact
Goostachio/reportTemplate	no	no	yes	1	0	no		https://github.com/Goostachio/reportTemplate
GregTrevellick/FilesForEveryExtension	no	no	yes	1	0	no		https://github.com/GregTrevellick/FilesForEveryExtension
GuillotSamuel/webserv	no	no	yes	1	0	no		https://github.com/GuillotSamuel/webserv
GunSafetyDwight/Beginner-Programs	no	no	yes	1	0	no		https://github.com/GunSafetyDwight/Beginner-Programs
Hemanth-Jp/Walmart_Sales_Training_App	no	no	yes	1	0	no		https://github.com/Hemanth-Jp/Walmart_Sales_Training_App
IPTV-Apps/repo	no	no	yes	1	0	no		https://github.com/IPTV-Apps/repo
Izaaq/Izaaq-FYP	no	no	yes	1	0	no		https://github.com/Izaaq/Izaaq-FYP
J-Teste/so_long	no	no	yes	1	0	no		https://github.com/J-Teste/so_long
JasonMartoux/TimelockWeb3	no	no	yes	1	0	no		https://github.com/JasonMartoux/TimelockWeb3
JesseBoogaard/isOddOrEven-collection	no	no	yes	1	0	no		https://github.com/JesseBoogaard/isOddOrEven-collection
John-Willikers/johnnyboy-scripts	no	yes	yes	1	0	no	2021-08-19T21:12:56Z	https://github.com/John-Willikers/johnnyboy-scripts
JoshAshby/BOB-Documentation	no	no	yes	1	0	no		https://github.com/JoshAshby/BOB-Documentation
JoshFinkel/anotherTest	no	no	yes	1	0	no		https://github.com/JoshFinkel/anotherTest
JulianBierbaum/da-paper	no	no	yes	1	0	no		https://github.com/JulianBierbaum/da-paper
K4-pi/Java	no	no	yes	1	0	no		https://github.com/K4-pi/Java
Keith-S-Thompson/fizzbuzz-polyglot	no	no	yes	1	0	no		https://github.com/Keith-S-Thompson/fizzbuzz-polyglot
KingWile/willard.sentence.org	no	no	yes	1	0	no		https://github.com/KingWile/willard.sentence.org
Kojey/NPSC	no	no	yes	1	0	no		https://github.com/Kojey/NPSC
KrazIvan/Multisoft-Code-Solutions	no	no	yes	1	0	no		https://github.com/KrazIvan/Multisoft-Code-Solutions
MKolman/advent-of-code	no	no	yes	1	0	no		https://github.com/MKolman/advent-of-code
MTison/FrontEndPerformanceInReactBasedApplications_BAP	no	no	yes	1	0	no		https://github.com/MTison/FrontEndPerformanceInReactBasedApplications_BAP
Mahdi-196/HELLO-WORLD	no	no	yes	1	0	no		https://github.com/Mahdi-196/HELLO-WORLD
ManuInDenWolken/Hello-World-collection	no	no	yes	1	0	no		https://github.com/ManuInDenWolken/Hello-World-collection
MarcoPolo/datastructures	no	no	yes	1	0	no		https://github.com/MarcoPolo/datastructures
MattiaFoglia/HelloWorld_Lol	no	yes	yes	1	0	no	2024-11-29T00:28:59Z	https://github.com/MattiaFoglia/HelloWorld_Lol
MaulanaGilang/Buku-TA	no	no	yes	1	0	no		https://github.com/MaulanaGilang/Buku-TA
Me-Phew/square-matrix	no	no	yes	1	0	no		https://github.com/Me-Phew/square-matrix
Meme1079/LOLSCRIPT	no	no	yes	1	0	no		https://github.com/Meme1079/LOLSCRIPT
MichaelSun48/LOLCODE_TTT	no	yes	yes	1	0	no	2020-08-27T17:19:23Z	https://github.com/MichaelSun48/LOLCODE_TTT
NLnetLabs/CSWDNS	no	no	yes	1	0	no		https://github.com/NLnetLabs/CSWDNS
NTMTech/gsb_extranet	no	no	yes	1	0	no		https://github.com/NTMTech/gsb_extranet
NVedsted/Lets-Calculate-BMI	no	no	yes	1	0	no		https://github.com/NVedsted/Lets-Calculate-BMI
Naoufalbzz/BP_backups_2024-2025	no	no	yes	1	0	no		https://github.com/Naoufalbzz/BP_backups_2024-2025
Noname-29-lnin/DTUD	no	no	yes	1	0	no		https://github.com/Noname-29-lnin/DTUD
Noname-29-lnin/Sort_on_FPGA	no	no	yes	1	0	no		https://github.com/Noname-29-lnin/Sort_on_FPGA
Palitraq/hapka.lol	no	no	yes	1	0	no		https://github.com/Palitraq/hapka.lol
Prithvirajbilla/helloworld	no	no	yes	1	0	no		https://github.com/Prithvirajbilla/helloworld
Programming-Paradigms-2018-19/code	no	no	yes	1	0	no		https://github.com/Programming-Paradigms-2018-19/code
RafalGrzegorzek/Aplikacja-mobilna	no	no	yes	1	0	no		https://github.com/RafalGrzegorzek/Aplikacja-mobilna
Ravanger101/Helloz-MyContribution	no	no	yes	1	0	no		https://github.com/Ravanger101/Helloz-MyContribution
ReciHub/FunnyAlgorithms	no	no	yes	1	0	no		https://github.com/ReciHub/FunnyAlgorithms
RodFlores27/CMSC124Project	no	no	yes	1	0	no		https://github.com/RodFlores27/CMSC124Project
ScarVite/Scar	no	no	yes	1	0	no		https://github.com/ScarVite/Scar
Sharp-Team/text-editor-javadesk	no	no	yes	1	0	no		https://github.com/Sharp-Team/text-editor-javadesk
Shembou/praca_magisterska	no	no	yes	1	0	no		https://github.com/Shembou/praca_magisterska
SkandaSiva/sw-llm	no	no	yes	1	0	no		https://github.com/SkandaSiva/sw-llm
SnipyJulmy/MSE_1617_PA	no	no	yes	1	0	no		https://github.com/SnipyJulmy/MSE_1617_PA
TYehan/Hello-World	no	no	yes	1	0	no		https://github.com/TYehan/Hello-World
Th3-0b3l1sk/CTFs	no	no	yes	1	0	no		https://github.com/Th3-0b3l1sk/CTFs
TheKaushikGoswami/hello-world	no	no	yes	1	0	no		https://github.com/TheKaushikGoswami/hello-world
TheRenegadeCoder/sample-programs	no	no	yes	1	0	no		https://github.com/TheRenegadeCoder/sample-programs
TheaQG/TexFiles_MSc	no	no	yes	1	0	no		https://github.com/TheaQG/TexFiles_MSc
ThomInsa/etudeBiblio	no	no	yes	1	0	no		https://github.com/ThomInsa/etudeBiblio
Tobias-Schoch/SSS	no	no	yes	1	0	no		https://github.com/Tobias-Schoch/SSS
Tom-the-Bomb/CCC-Solutions	no	no	yes	1	0	no		https://github.com/Tom-the-Bomb/CCC-Solutions
VChuzlov/SA	no	no	yes	1	0	no		https://github.com/VChuzlov/SA
VGAFIB/autoTRON	no	no	yes	1	0	no		https://github.com/VGAFIB/autoTRON
VaeterchenFrost/gpusat-VISU	no	no	yes	1	0	no		https://github.com/VaeterchenFrost/gpusat-VISU
WHU-MSC/WHUMSC2023New	no	no	yes	1	0	no		https://github.com/WHU-MSC/WHUMSC2023New
WannSea/boat-core-v2	no	no	yes	1	0	no		https://github.com/WannSea/boat-core-v2
WhatsHisIdentifierr/NoKey	no	no	yes	1	0	no		https://github.com/WhatsHisIdentifierr/NoKey
Willenbrink/masterthesis	no	no	yes	1	0	no		https://github.com/Willenbrink/masterthesis
Xeyo-Developer/HelloWorld	no	no	yes	1	0	no		https://github.com/Xeyo-Developer/HelloWorld
YuriAndropov234/Hello-World-	no	no	yes	1	0	no		https://github.com/YuriAndropov234/Hello-World-
Zeeshan5249/Tekla-Structures-3D-Optimisation	no	no	yes	1	0	no		https://github.com/Zeeshan5249/Tekla-Structures-3D-Optimisation
ZeusWPI/esoterische_introavond	no	no	yes	1	0	no		https://github.com/ZeusWPI/esoterische_introavond
abhisek247767/Hello-World	no	no	yes	1	0	no		https://github.com/abhisek247767/Hello-World
accessgames/accessgames.github.io	no	no	yes	1	0	no		https://github.com/accessgames/accessgames.github.io
aduros/trollcat	no	no	yes	1	0	no		https://github.com/aduros/trollcat
alexanderthclark/Matplotlib-for-Storytellers	no	no	yes	1	0	no		https://github.com/alexanderthclark/Matplotlib-for-Storytellers
algorithm-archivists/algorithm-archive	no	no	yes	1	0	no		https://github.com/algorithm-archivists/algorithm-archive
alxshine/dual-rail	no	no	yes	1	0	no		https://github.com/alxshine/dual-rail
alxzdani/LOLCODE-interpreter-cocoy-dani-kyro	no	no	yes	1	0	no		https://github.com/alxzdani/LOLCODE-interpreter-cocoy-dani-kyro
amanogawa01/Tent	no	no	yes	1	0	no		https://github.com/amanogawa01/Tent
amtuazon4/PyGUI	no	no	yes	1	0	no		https://github.com/amtuazon4/PyGUI
anishgoyal1108/single-cycle-MIPS-processor	no	no	yes	1	0	no		https://github.com/anishgoyal1108/single-cycle-MIPS-processor
approvers/RADWIMPS	no	no	yes	1	0	no		https://github.com/approvers/RADWIMPS
araujoarthur/In1HourEmailSwap	no	no	yes	1	0	no		https://github.com/araujoarthur/In1HourEmailSwap
arielgg46/Thesis	no	no	yes	1	0	no		https://github.com/arielgg46/Thesis
arjuncvinod/Hello-World-in-Different-Languages	no	no	yes	1	0	no		https://github.com/arjuncvinod/Hello-World-in-Different-Languages
asandova-ui/SEPA_RTP	no	no	yes	1	0	no		https://github.com/asandova-ui/SEPA_RTP
asandova-ui/SEPA_RequestToPay	no	no	yes	1	0	no		https://github.com/asandova-ui/SEPA_RequestToPay
atityushina/master_progr_2_year	no	no	yes	1	0	no		https://github.com/atityushina/master_progr_2_year
austinbyers/LOLcat	no	no	yes	1	0	no		https://github.com/austinbyers/LOLcat
bajajvinamr/HacktoberFest2020	no	no	yes	1	0	no		https://github.com/bajajvinamr/HacktoberFest2020
bart-de-paepe/bachelorproef	no	no	yes	1	0	no		https://github.com/bart-de-paepe/bachelorproef
bearddan2000/lolcode-cli-hello-world	no	no	yes	1	0	no		https://github.com/bearddan2000/lolcode-cli-hello-world
benharri/benbot	no	no	yes	1	0	no		https://github.com/benharri/benbot
bjouhier/node-lol	no	no	yes	1	0	no		https://github.com/bjouhier/node-lol
blongden/lolcode-php	no	no	yes	1	0	no		https://github.com/blongden/lolcode-php
bluebat/mt9x9	no	no	yes	1	0	no		https://github.com/bluebat/mt9x9
bohde/mondp	no	no	yes	1	0	no		https://github.com/bohde/mondp
brianium/blog	no	no	yes	1	0	no		https://github.com/brianium/blog
brobro12235/fullscreen-launcher	no	no	yes	1	0	no		https://github.com/brobro12235/fullscreen-launcher
bsevangelista/cmsc124-project	no	no	yes	1	0	no		https://github.com/bsevangelista/cmsc124-project
cbrepp/lolchess	no	yes	yes	1	0	no	2024-12-18T02:59:34Z	https://github.com/cbrepp/lolchess
chenxingqiang/thinkbase-project	no	no	yes	1	0	no		https://github.com/chenxingqiang/thinkbase-project
chunfeilung/fizzbuzz	no	no	yes	1	0	no		https://github.com/chunfeilung/fizzbuzz
codex-iter/Hello-Esolangs	no	no	yes	1	0	no		https://github.com/codex-iter/Hello-Esolangs
datphhe130906/FPTU	no	no	yes	1	0	no		https://github.com/datphhe130906/FPTU
david-dewanto/Proposal_Tugas_Akhir-David_Dewanto-18222027	no	no	yes	1	0	no		https://github.com/david-dewanto/Proposal_Tugas_Akhir-David_Dewanto-18222027
defconradio/localpleb	no	no	yes	1	0	no		https://github.com/defconradio/localpleb
dipaola-c/tesina2026	no	no	yes	1	0	no		https://github.com/dipaola-c/tesina2026
dipenluitel/hacktoberfest	no	no	yes	1	0	no		https://github.com/dipenluitel/hacktoberfest
donno2048/Quines	no	no	yes	1	0	no		https://github.com/donno2048/Quines
dtbbbb/dahood	no	no	yes	1	0	no		https://github.com/dtbbbb/dahood
duckspike/twat	no	no	yes	1	0	no		https://github.com/duckspike/twat
dwladdimiroc/phd-thesis-sorbonne-universite	no	no	yes	1	0	no		https://github.com/dwladdimiroc/phd-thesis-sorbonne-universite
eddygrinder/LaRE_LaTeX	no	no	yes	1	0	no		https://github.com/eddygrinder/LaRE_LaTeX
eevee/project-euler	no	no	yes	1	0	no		https://github.com/eevee/project-euler
egegirit/dns-analyse	no	no	yes	1	0	no		https://github.com/egegirit/dns-analyse
emilyantosch/ba	no	no	yes	1	0	no		https://github.com/emilyantosch/ba
epicdude99/da_hood_leaks	no	yes	yes	1	0	no	2024-05-27T12:33:20Z	https://github.com/epicdude99/da_hood_leaks
esit1/Praxisprojekt-Entwicklung-einer-Client-Server-Architektur	no	no	yes	1	0	no		https://github.com/esit1/Praxisprojekt-Entwicklung-einer-Client-Server-Architektur
eugeniu-u/qtk_thesis	no	no	yes	1	0	no		https://github.com/eugeniu-u/qtk_thesis
fairay/Modeling-7sem	no	no	yes	1	0	no		https://github.com/fairay/Modeling-7sem
fettstorch/masters-thesis	no	no	yes	1	0	no		https://github.com/fettstorch/masters-thesis
focat69/celestalx	no	no	yes	1	0	no		https://github.com/focat69/celestalx
forflo/yodl	no	no	yes	1	0	no		https://github.com/forflo/yodl
freehackquest/2015-tasks	no	no	yes	1	0	no		https://github.com/freehackquest/2015-tasks
gauthamzz/John-Cena	no	no	yes	1	0	no		https://github.com/gauthamzz/John-Cena
gitworried/mpt23-lab-luca-schulz-marcus-worrmann	no	no	yes	1	0	no		https://github.com/gitworried/mpt23-lab-luca-schulz-marcus-worrmann
gretzke/Blockchain-Based-Smart-Outlet	no	no	yes	1	0	no		https://github.com/gretzke/Blockchain-Based-Smart-Outlet
grself/CIS221_Lab_Manual	no	no	yes	1	0	no		https://github.com/grself/CIS221_Lab_Manual
gubbriaco/fir-filter-analysis	no	no	yes	1	0	no		https://github.com/gubbriaco/fir-filter-analysis
gustavo-depaula/stalin-sort	no	no	yes	1	0	no		https://github.com/gustavo-depaula/stalin-sort
gustavocaiano/fuse	no	no	yes	1	0	no		https://github.com/gustavocaiano/fuse
handikatriarlan/hello-world-in-every-language	no	no	yes	1	0	no		https://github.com/handikatriarlan/hello-world-in-every-language
harisekatama/Tugas-Akhir	no	no	yes	1	0	no		https://github.com/harisekatama/Tugas-Akhir
honeyvig/helloworld	no	no	yes	1	0	no		https://github.com/honeyvig/helloworld
imalik8088/latex_template	no	no	yes	1	0	no		https://github.com/imalik8088/latex_template
inaiemnahid/Timestamp	no	no	yes	1	0	no		https://github.com/inaiemnahid/Timestamp
jacobjwebber/dissertation	no	no	yes	1	0	no		https://github.com/jacobjwebber/dissertation
janTiefenbacher/Diplomarbeit	no	no	yes	1	0	no		https://github.com/janTiefenbacher/Diplomarbeit
jasperfue/Gambit	no	no	yes	1	0	no		https://github.com/jasperfue/Gambit
javif89/webcat	no	no	yes	1	0	no		https://github.com/javif89/webcat
jedalain/cmsc-124-lolcode-project	no	no	yes	1	0	no		https://github.com/jedalain/cmsc-124-lolcode-project
jerichodolendo/lolcode-interpreter	no	no	yes	1	0	no		https://github.com/jerichodolendo/lolcode-interpreter
johnymontana/willithesis-doc	no	no	yes	1	0	no		https://github.com/johnymontana/willithesis-doc
jonhskie/Master-Thesis-Latex	no	no	yes	1	0	no		https://github.com/jonhskie/Master-Thesis-Latex
jpcusa/TFI-criptografia	no	no	yes	1	0	no		https://github.com/jpcusa/TFI-criptografia
jugen4321/Bayotka	no	yes	yes	1	0	no	2025-06-07T18:56:05Z	https://github.com/jugen4321/Bayotka
juleshenry/tatuagem	no	no	yes	1	0	no		https://github.com/juleshenry/tatuagem
jweinstein92/Predictive_Beer_Analytics	no	no	yes	1	0	no		https://github.com/jweinstein92/Predictive_Beer_Analytics
jzeuzs/hello-world	no	no	yes	1	0	no		https://github.com/jzeuzs/hello-world
kerner1000/kerner	no	no	yes	1	0	no		https://github.com/kerner1000/kerner
kevlu8/languageception	no	no	yes	1	0	no		https://github.com/kevlu8/languageception
kidonm/GenericVoIPSwitch	no	no	yes	1	0	no		https://github.com/kidonm/GenericVoIPSwitch
klenndacoder69/lolcode-project-124	no	no	yes	1	0	no		https://github.com/klenndacoder69/lolcode-project-124
knightking100/hello-worlds	no	no	yes	1	0	no		https://github.com/knightking100/hello-worlds
knightron0/helloworld	no	no	yes	1	0	no		https://github.com/knightron0/helloworld
krilangs/ComPhys---Master	no	no	yes	1	0	no		https://github.com/krilangs/ComPhys---Master
krispypatata/lolcode-interpreter-py	no	no	yes	1	0	no		https://github.com/krispypatata/lolcode-interpreter-py
ksdc2020/helloworld	no	no	yes	1	0	no		https://github.com/ksdc2020/helloworld
ksumallo/lolspeaker	no	no	yes	1	0	no		https://github.com/ksumallo/lolspeaker
kunaltyagi/helloworld	no	no	yes	1	0	no		https://github.com/kunaltyagi/helloworld
labenbmic1/git-BachelorThesis	no	no	yes	1	0	no		https://github.com/labenbmic1/git-BachelorThesis
lemoxiao/Latex-Part1	no	no	yes	1	0	no		https://github.com/lemoxiao/Latex-Part1
lennartbublies/ecdsa	no	no	yes	1	0	no		https://github.com/lennartbublies/ecdsa
lenri001/EE_105	no	no	yes	1	0	no		https://github.com/lenri001/EE_105
llucbrell/TeXTal	no	no	yes	1	0	no		https://github.com/llucbrell/TeXTal
lol-qwop/lol-qwop	no	no	yes	1	0	no		https://github.com/lol-qwop/lol-qwop
lolphantomm/phantom.lol	no	yes	yes	1	0	no	2025-03-09T00:28:43Z	https://github.com/lolphantomm/phantom.lol
lukasrynt/Bachelor-thesis	no	no	yes	1	0	no		https://github.com/lukasrynt/Bachelor-thesis
madangtrus/thaycacac	no	no	yes	1	0	no		https://github.com/madangtrus/thaycacac
maddiesloadstrings/mad.lol	no	yes	yes	1	0	no	2024-11-23T19:12:05Z	https://github.com/maddiesloadstrings/mad.lol
makenowjust/quine	no	no	yes	1	0	no		https://github.com/makenowjust/quine
manisit09/Manish-Test-1	no	no	yes	1	0	no		https://github.com/manisit09/Manish-Test-1
martinbaumg/SAE-23	no	no	yes	1	0	no		https://github.com/martinbaumg/SAE-23
martindevans/y	no	no	yes	1	0	no		https://github.com/martindevans/y
mathildor/latex-thesis-template	no	no	yes	1	0	no		https://github.com/mathildor/latex-thesis-template
mattys1/zaawansowane-p4	no	no	yes	1	0	no		https://github.com/mattys1/zaawansowane-p4
mattys1/zaawansowane-p6	no	no	yes	1	0	no		https://github.com/mattys1/zaawansowane-p6
matzegltg/Bachelor-Thesis	no	no	yes	1	0	no		https://github.com/matzegltg/Bachelor-Thesis
mawerty/Is-Prime	no	no	yes	1	0	no		https://github.com/mawerty/Is-Prime
mbenahmed1/ScheduleMe	no	no	yes	1	0	no		https://github.com/mbenahmed1/ScheduleMe
michael-stuetzner/diplomarbeit-recode-2526	no	no	yes	1	0	no		https://github.com/michael-stuetzner/diplomarbeit-recode-2526
mircocazzaro/tesimagistrale	no	no	yes	1	0	no		https://github.com/mircocazzaro/tesimagistrale
monumei/skibidi-brat	no	no	yes	1	0	no		https://github.com/monumei/skibidi-brat
morkro/fizzbuzz	no	no	yes	1	0	no		https://github.com/morkro/fizzbuzz
mrMetalWood/BAMM	no	no	yes	1	0	no		https://github.com/mrMetalWood/BAMM
nadineanareta/lolcode-interpreter	no	no	yes	1	0	no		https://github.com/nadineanareta/lolcode-interpreter
narze/coffee-to-code	no	no	yes	1	0	no		https://github.com/narze/coffee-to-code
navilan/wabi	no	no	yes	1	0	no		https://github.com/navilan/wabi
nel417/Random_Hello_Worlds	no	no	yes	1	0	no		https://github.com/nel417/Random_Hello_Worlds
nguyenphuminh/HelloWorld	no	no	yes	1	0	no		https://github.com/nguyenphuminh/HelloWorld
nickimaa/bachelorarbeit	no	no	yes	1	0	no		https://github.com/nickimaa/bachelorarbeit
nikolaarinanda/tugas-akhir	no	no	yes	1	0	no		https://github.com/nikolaarinanda/tugas-akhir
nitnelave/advent_of_code_2019	no	no	yes	1	0	no		https://github.com/nitnelave/advent_of_code_2019
notWetro/WTFAI	no	no	yes	1	0	no		https://github.com/notWetro/WTFAI
okquentin/ECCS_4411	no	no	yes	1	0	no		https://github.com/okquentin/ECCS_4411
orioljulian/QAOA	no	no	yes	1	0	no		https://github.com/orioljulian/QAOA
owrel/plan-merging-report	no	no	yes	1	0	no		https://github.com/owrel/plan-merging-report
prabodhcp/Data-Structures-with-C-Course-at-CSE-SIT-Tumkur	no	no	yes	1	0	no		https://github.com/prabodhcp/Data-Structures-with-C-Course-at-CSE-SIT-Tumkur
produnis/FreeQDA	no	no	yes	1	0	no		https://github.com/produnis/FreeQDA
profLeoPupo/Hello-World	no	no	yes	1	0	no		https://github.com/profLeoPupo/Hello-World
project-aki/Hello-World	no	no	yes	1	0	no		https://github.com/project-aki/Hello-World
reeeeeeeeeeeeeeeeeeeeeeeeeeeeeeeeee/reeeeeeeeeeeeeeeeeeeeeeeeeeeeeeeeeeeeeeeeeeeeeeeeeeeeeeeeeeeeeeeeeeeeeeeeeeeeeeeeeeeeeeeeeee	no	no	yes	1	0	no		https://github.com/reeeeeeeeeeeeeeeeeeeeeeeeeeeeeeeeee/reeeeeeeeeeeeeeeeeeeeeeeeeeeeeeeeeeeeeeeeeeeeeeeeeeeeeeeeeeeeeeeeeeeeeeeeeeeeeeeeeeeeeeeeeee
ridholess/Halo-Dunia24	no	no	yes	1	0	no		https://github.com/ridholess/Halo-Dunia24
rsandro22/user-management-postgresql	no	no	yes	1	0	no		https://github.com/rsandro22/user-management-postgresql
rvantonder/antlr-lolcode	no	no	yes	1	0	no		https://github.com/rvantonder/antlr-lolcode
rvbin1/uni_zeug	no	no	yes	1	0	no		https://github.com/rvbin1/uni_zeug
sahil8452/Text_Editor	no	no	yes	1	0	no		https://github.com/sahil8452/Text_Editor
sametcatakli/projet-linux-aws	no	no	yes	1	0	no		https://github.com/sametcatakli/projet-linux-aws
samuelmorency/ICS4U	no	no	yes	1	0	no		https://github.com/samuelmorency/ICS4U
savinggracelua/cracks	no	no	yes	1	0	no		https://github.com/savinggracelua/cracks
seanpm2001/SNU_2D_ProgrammingTools	no	no	yes	1	0	no		https://github.com/seanpm2001/SNU_2D_ProgrammingTools
sebastiansauer/thesisdown-apa	no	no	yes	1	0	no		https://github.com/sebastiansauer/thesisdown-apa
sesch023/Ausarbeitung-Spezielle-Algorithmen	no	no	yes	1	0	no		https://github.com/sesch023/Ausarbeitung-Spezielle-Algorithmen
sharppy/SHARPpy	no	no	yes	1	0	no		https://github.com/sharppy/SHARPpy
sirupsen/informatics	no	no	yes	1	0	no		https://github.com/sirupsen/informatics
skadic/RTOS-TD	no	no	yes	1	0	no		https://github.com/skadic/RTOS-TD
skiqqy/C45DiscordBot	no	no	yes	1	0	no		https://github.com/skiqqy/C45DiscordBot
snorremd/masterthesis	no	no	yes	1	0	no		https://github.com/snorremd/masterthesis
sourzo/Advent-of-Code	no	no	yes	1	0	no		https://github.com/sourzo/Advent-of-Code
stefaniscion/esolangs-tests	no	no	yes	1	0	no		https://github.com/stefaniscion/esolangs-tests
superlanding/super_tools	no	no	yes	1	0	no		https://github.com/superlanding/super_tools
surki/hipl	no	no	yes	1	0	no		https://github.com/surki/hipl
sussycloud/gem-pet-go	no	yes	yes	1	0	no	2024-12-04T16:28:41Z	https://github.com/sussycloud/gem-pet-go
syre/datamining-with-python	no	no	yes	1	0	no		https://github.com/syre/datamining-with-python
tashrique/LOLCODE-The-Williams-Frosh-Game	no	yes	yes	1	0	no	2025-03-04T07:12:02Z	https://github.com/tashrique/LOLCODE-The-Williams-Frosh-Game
tgolsson/sensors-arduino-lab1	no	no	yes	1	0	no		https://github.com/tgolsson/sensors-arduino-lab1
thaycacac/java	no	no	yes	1	0	no		https://github.com/thaycacac/java
ticklemynausea/gobsprogram	no	no	yes	1	0	no		https://github.com/ticklemynausea/gobsprogram
tierriminator/Lolang	no	no	yes	1	0	no		https://github.com/tierriminator/Lolang
toroidal-code/swag	no	no	yes	1	0	no		https://github.com/toroidal-code/swag
trholmes/thesis	no	no	yes	1	0	no		https://github.com/trholmes/thesis
tsiendragon/NUS-PhD-Thesis-LaTeX-Template	no	no	yes	1	0	no		https://github.com/tsiendragon/NUS-PhD-Thesis-LaTeX-Template
ufabc-dojo/welcome	no	no	yes	1	0	no		https://github.com/ufabc-dojo/welcome
valentin-schwind/frauas-thesis-template	no	no	yes	1	0	no		https://github.com/valentin-schwind/frauas-thesis-template
verdihatorou/html.ulangtahun	no	no	yes	1	0	no		https://github.com/verdihatorou/html.ulangtahun
vilemfiala/czech-absa-thesis	no	no	yes	1	0	no		https://github.com/vilemfiala/czech-absa-thesis
vincenzopalazzo/SpyCBlockThesis	no	no	yes	1	0	no		https://github.com/vincenzopalazzo/SpyCBlockThesis
vladb99/htwg	no	no	yes	1	0	no		https://github.com/vladb99/htwg
vlehnhau/bachelorThesis	no	no	yes	1	0	no		https://github.com/vlehnhau/bachelorThesis
wegfahrt/Studienarbeit	no	no	yes	1	0	no		https://github.com/wegfahrt/Studienarbeit
williambl/lolcode-matrix-multiplier	no	yes	yes	1	0	no	2019-10-12T21:30:23Z	https://github.com/williambl/lolcode-matrix-multiplier
wisrovi/imagenesDocker	no	no	yes	1	0	no		https://github.com/wisrovi/imagenesDocker
wookay/da	no	no	yes	1	0	no		https://github.com/wookay/da
wsu-lug/hello-world	no	no	yes	1	0	no		https://github.com/wsu-lug/hello-world
yaluki/VulkanVolumeRenderer	no	no	yes	1	0	no		https://github.com/yaluki/VulkanVolumeRenderer
youurt/ExposeMaster	no	no	yes	1	0	no		https://github.com/youurt/ExposeMaster
zachlatta/codeday-boulder-food	no	no	yes	1	0	no		https://github.com/zachlatta/codeday-boulder-food
zenware/FizzBuzz	no	no	yes	1	0	no		https://github.com/zenware/FizzBuzz
zkmok/SEP-g09-spec	no	no	yes	1	0	no		https://github.com/zkmok/SEP-g09-spec
zpxio/AdventOfCode2016	no	yes	yes	1	0	no	2016-12-02T05:19:20Z	https://github.com/zpxio/AdventOfCode2016
zxbot3/ZX-s-PC-CHECKER-old	no	no	yes	1	0	no		https://github.com/zxbot3/ZX-s-PC-CHECKER-old
Stovoy/LOLCODE-Snake	no	yes	no	0	10	no	2023-06-06T06:36:37Z	https://github.com/Stovoy/LOLCODE-Snake
Mohamed-abdalazez/Version-Control-Git	no	yes	no	0	9	no	2025-11-06T03:08:34Z	https://github.com/Mohamed-abdalazez/Version-Control-Git
themineraria/Quake3Keygen	no	yes	no	0	6	no	2025-10-06T09:40:32Z	https://github.com/themineraria/Quake3Keygen
PieVieRo/LOLCODE-calculator	no	yes	no	0	5	no	2023-05-11T15:23:07Z	https://github.com/PieVieRo/LOLCODE-calculator
vsimko/dqh-amiga	no	yes	no	0	4	no	2018-08-10T01:23:46Z	https://github.com/vsimko/dqh-amiga
AllAlgorithms/lol	no	yes	no	0	3	yes	2025-09-07T01:09:09Z	https://github.com/AllAlgorithms/lol
Zyndoras/calculator.lol	no	yes	no	0	3	no	2023-05-11T15:23:08Z	https://github.com/Zyndoras/calculator.lol
akleemans/pogo-ivrater-lolcode	no	yes	no	0	3	no	2018-08-10T01:23:50Z	https://github.com/akleemans/pogo-ivrater-lolcode
netfri25/lolcode-json	no	yes	no	0	3	no	2025-10-29T20:28:57Z	https://github.com/netfri25/lolcode-json
zhaitianyong/standalone_test	no	yes	no	0	3	no	2019-06-25T11:01:18Z	https://github.com/zhaitianyong/standalone_test
Chameleon-Coder/cat-journey	no	yes	no	0	2	no	2025-02-26T18:37:33Z	https://github.com/Chameleon-Coder/cat-journey
EloniX-X/LOLCODE-calculator	no	yes	no	0	2	no	2023-10-19T00:00:45Z	https://github.com/EloniX-X/LOLCODE-calculator
demo-exe/ProgrammingChallenges	no	yes	no	0	2	no	2018-09-18T17:19:48Z	https://github.com/demo-exe/ProgrammingChallenges
lil-netize/OG.BBk44	no	yes	no	0	2	no	2025-04-19T22:48:44Z	https://github.com/lil-netize/OG.BBk44
nathanchere/HackerRank_LOLCODE	no	yes	no	0	2	no	2018-08-10T01:23:56Z	https://github.com/nathanchere/HackerRank_LOLCODE
rodrigocaldeira/Bitcoin-Prices	no	yes	no	0	2	no	2023-01-16T13:20:13Z	https://github.com/rodrigocaldeira/Bitcoin-Prices
seanpm2001/Bliss_Browser_LOLCODE	no	yes	no	0	2	no	2023-02-26T20:21:30Z	https://github.com/seanpm2001/Bliss_Browser_LOLCODE
shreyaslad/Fun-with-LOLCODE	no	yes	no	0	2	no	2018-08-10T01:23:59Z	https://github.com/shreyaslad/Fun-with-LOLCODE
zellsh/zellsh.github.io	no	yes	no	0	2	no	2026-02-08T02:33:49Z	https://github.com/zellsh/zellsh.github.io
0oAstro/FizzBuzz	no	yes	no	0	1	no	2023-04-28T00:09:37Z	https://github.com/0oAstro/FizzBuzz
Chameleon-Coder/Deltarune-Cat-Edition-Chapter-One	no	yes	no	0	1	no	2022-07-13T21:13:08Z	https://github.com/Chameleon-Coder/Deltarune-Cat-Edition-Chapter-One
Chameleon-Coder/lolcode-rpg-template	no	yes	no	0	1	no	2022-06-30T00:12:40Z	https://github.com/Chameleon-Coder/lolcode-rpg-template
Chameleon-Coder/stunning-sniffle	no	yes	no	0	1	no	2022-07-07T22:37:20Z	https://github.com/Chameleon-Coder/stunning-sniffle
ChristopherA8/lolcalc	no	yes	no	0	1	no	2021-10-17T05:58:55Z	https://github.com/ChristopherA8/lolcalc
Danice123/Advent-2021-LOL	no	yes	no	0	1	no	2021-12-14T18:13:53Z	https://github.com/Danice123/Advent-2021-LOL
Halcy0nic/LCI-v0.10.5-Out-of-bounds-read	no	yes	no	0	1	no	2024-07-02T20:33:49Z	https://github.com/Halcy0nic/LCI-v0.10.5-Out-of-bounds-read
Idkwhoami42/Lolcode	no	yes	no	0	1	no	2021-02-10T17:33:27Z	https://github.com/Idkwhoami42/Lolcode
Joimer/console-games	no	yes	no	0	1	no	2024-11-18T16:34:07Z	https://github.com/Joimer/console-games
MercuryOnX/Silence.LOL	no	yes	no	0	1	no	2025-03-25T00:23:43Z	https://github.com/MercuryOnX/Silence.LOL
Nameless9000/LOLCODE_Shell	no	yes	no	0	1	no	2021-10-26T01:01:12Z	https://github.com/Nameless9000/LOLCODE_Shell
NetBeholder/bind-in-docker	no	yes	no	0	1	no	2024-11-19T02:36:51Z	https://github.com/NetBeholder/bind-in-docker
Nicolas-hr/Lolcode	no	yes	no	0	1	no	2019-03-12T20:08:13Z	https://github.com/Nicolas-hr/Lolcode
Nucleus2014/NMR-Structure-Calculation-using-CYANA-and-ASDP	no	yes	no	0	1	no	2025-11-09T02:30:44Z	https://github.com/Nucleus2014/NMR-Structure-Calculation-using-CYANA-and-ASDP
Prooom/Dr.Lol	no	yes	no	0	1	no	2021-09-04T20:14:58Z	https://github.com/Prooom/Dr.Lol
Rimuru900/Gravity.lol	no	yes	no	0	1	no	2024-12-12T15:20:00Z	https://github.com/Rimuru900/Gravity.lol
TechDudie/learning-lolcode	no	yes	no	0	1	no	2021-04-16T22:50:06Z	https://github.com/TechDudie/learning-lolcode
TheWrongAlice/ROK-PAPR-STABBERS	no	yes	no	0	1	no	2019-03-22T14:43:06Z	https://github.com/TheWrongAlice/ROK-PAPR-STABBERS
abhinavk001/my-first-esoteric-lang	no	yes	no	0	1	no	2021-04-02T16:33:15Z	https://github.com/abhinavk001/my-first-esoteric-lang
alejandrolechuga/ScriptJutsu	no	yes	no	0	1	no	2019-03-18T03:23:19Z	https://github.com/alejandrolechuga/ScriptJutsu
aleless/Guess-the-Numer-LOLCODE	no	yes	no	0	1	no	2025-08-21T08:39:48Z	https://github.com/aleless/Guess-the-Numer-LOLCODE
cemtuver/aoc21-lolcode	no	yes	no	0	1	no	2023-12-05T23:32:44Z	https://github.com/cemtuver/aoc21-lolcode
chriswaugh/lolbuzz	no	yes	no	0	1	no	2017-05-18T14:44:37Z	https://github.com/chriswaugh/lolbuzz
ddi4m0nd/Mad.lol	no	yes	no	0	1	no	2025-07-13T01:11:14Z	https://github.com/ddi4m0nd/Mad.lol
denzven/PalindromeChecker.lol	no	yes	no	0	1	no	2022-02-05T17:10:40Z	https://github.com/denzven/PalindromeChecker.lol
fruit-in/lolcat-translator	no	yes	no	0	1	yes	2025-03-15T16:38:30Z	https://github.com/fruit-in/lolcat-translator
hmlendea/rock-paper-scissors-lolcode	no	yes	no	0	1	yes	2025-06-07T22:16:38Z	https://github.com/hmlendea/rock-paper-scissors-lolcode
ishowportugal/LOLCODE	no	yes	no	0	1	no	2022-08-15T04:40:49Z	https://github.com/ishowportugal/LOLCODE
johnmberger/lol-code	no	yes	no	0	1	no	2023-03-08T18:55:00Z	https://github.com/johnmberger/lol-code
kssklol/sruik	no	yes	no	0	1	no	2025-04-10T00:44:48Z	https://github.com/kssklol/sruik
martinmorando/lolcode	no	yes	no	0	1	no	2025-04-13T17:08:44Z	https://github.com/martinmorando/lolcode
mewhenthegit/CATOS	no	yes	no	0	1	yes	2023-09-10T18:42:13Z	https://github.com/mewhenthegit/CATOS
prisems/LOLCODE-Calculator-v2	no	yes	no	0	1	no	2022-12-29T02:00:59Z	https://github.com/prisems/LOLCODE-Calculator-v2
ryzbaka/LOLCODE-STUFF	no	yes	no	0	1	no	2021-02-17T19:44:33Z	https://github.com/ryzbaka/LOLCODE-STUFF
vvisuall/WITHERCC	no	yes	no	0	1	no	2025-09-22T12:52:44Z	https://github.com/vvisuall/WITHERCC
wspace/0x0dea-lolcode	no	yes	no	0	1	no	2024-08-19T11:49:58Z	https://github.com/wspace/0x0dea-lolcode
zalnur/FEBOWABIT	no	yes	no	0	1	no	2020-05-31T21:43:32Z	https://github.com/zalnur/FEBOWABIT
0xKY/LOL	no	yes	no	0	0	no	2021-03-05T00:28:56Z	https://github.com/0xKY/LOL
11A11/Lolcode-spongebob-meme-text	no	yes	no	0	0	no	2018-03-17T20:10:30Z	https://github.com/11A11/Lolcode-spongebob-meme-text
19mdSkibidi/Wraith	no	yes	no	0	0	no	2025-07-18T17:33:47Z	https://github.com/19mdSkibidi/Wraith
3r1k0n/LOLCODEshenanigans	no	yes	no	0	0	no	2018-11-25T17:46:35Z	https://github.com/3r1k0n/LOLCODEshenanigans
404notfound229/euthoria.lol	no	yes	no	0	0	no	2025-04-24T15:31:40Z	https://github.com/404notfound229/euthoria.lol
5quirre1/LOLCODE-learning-progress	no	yes	no	0	0	no	2024-11-01T03:18:03Z	https://github.com/5quirre1/LOLCODE-learning-progress
621341/erherherh	no	yes	no	0	0	no	2025-09-22T02:06:27Z	https://github.com/621341/erherherh
64thlol/64th.lol-Free	no	yes	no	0	0	no	2025-07-05T12:24:51Z	https://github.com/64thlol/64th.lol-Free
64thlol/Free-Script-Ver	no	yes	no	0	0	no	2025-07-05T12:28:36Z	https://github.com/64thlol/Free-Script-Ver
8fgh/eluon-a-	no	yes	no	0	0	no	2025-12-04T22:50:27Z	https://github.com/8fgh/eluon-a-
AJEvans/AdventOfCode2022	no	yes	no	0	0	no	2022-12-07T22:10:41Z	https://github.com/AJEvans/AdventOfCode2022
AScheibe/lolcode-calculator	no	yes	no	0	0	no	2023-04-19T00:48:34Z	https://github.com/AScheibe/lolcode-calculator
ATB-UQ/CYANA-Examples	no	yes	no	0	0	no	2022-11-16T12:38:38Z	https://github.com/ATB-UQ/CYANA-Examples
AidanTheJsDev/lolcode-calculator	no	yes	no	0	0	no	2022-05-04T15:14:58Z	https://github.com/AidanTheJsDev/lolcode-calculator
AlisaTemp/lolcode-project	no	yes	no	0	0	no	2025-11-18T12:27:56Z	https://github.com/AlisaTemp/lolcode-project
Angel1LOLtaps/Angel.LOL1	no	yes	no	0	0	no	2025-11-27T08:10:55Z	https://github.com/Angel1LOLtaps/Angel.LOL1
ArnavK-09/trieslolcode	no	yes	no	0	0	no	2023-02-06T20:43:21Z	https://github.com/ArnavK-09/trieslolcode
Arosian-Stagg/URL-POST	no	yes	no	0	0	no	2025-04-21T15:54:48Z	https://github.com/Arosian-Stagg/URL-POST
ArturLange/esoteric_langs	no	yes	no	0	0	no	2018-12-20T08:00:44Z	https://github.com/ArturLange/esoteric_langs
BCRevels/Towers-of-Hanoi	no	yes	no	0	0	no	2019-05-02T19:26:17Z	https://github.com/BCRevels/Towers-of-Hanoi
BHuber55/CPSC4100	no	yes	no	0	0	no	2018-04-10T21:38:03Z	https://github.com/BHuber55/CPSC4100
BLANK-Zora/LOLCODE	no	yes	no	0	0	no	2020-10-01T12:15:49Z	https://github.com/BLANK-Zora/LOLCODE
BOXEL-REBOUND/LOLCODE	no	yes	no	0	0	no	2020-09-21T19:57:10Z	https://github.com/BOXEL-REBOUND/LOLCODE
Ben-Meredith/3PlayerGithub-1v1.lol	no	yes	no	0	0	no	2024-09-17T21:32:45Z	https://github.com/Ben-Meredith/3PlayerGithub-1v1.lol
Blasteed/ESOS	no	yes	no	0	0	no	2025-01-14T10:32:09Z	https://github.com/Blasteed/ESOS
BrookTheBook/Hello-World-In-LOLCODE	no	yes	no	0	0	no	2021-01-15T04:17:24Z	https://github.com/BrookTheBook/Hello-World-In-LOLCODE
CMSC124-SAT-SEM1-2021/Gamata_M_Tiangson_C_LOLCODE	no	yes	no	0	0	no	2021-12-18T09:26:02Z	https://github.com/CMSC124-SAT-SEM1-2021/Gamata_M_Tiangson_C_LOLCODE
Camto/mk.lol	no	yes	no	0	0	no	2018-10-10T01:40:11Z	https://github.com/Camto/mk.lol
CheikOmar325/LolCode-Snippets	no	yes	no	0	0	no	2023-05-03T23:43:18Z	https://github.com/CheikOmar325/LolCode-Snippets
Chingles2404/first-lolcode-program	no	yes	no	0	0	no	2019-07-02T15:39:48Z	https://github.com/Chingles2404/first-lolcode-program
CiroPhoenix/ProyectoFinalOptimizacion	no	yes	no	0	0	no	2023-04-16T18:27:50Z	https://github.com/CiroPhoenix/ProyectoFinalOptimizacion
Ckeshua/lolcode	no	yes	no	0	0	no	2025-01-11T04:16:54Z	https://github.com/Ckeshua/lolcode
Cleggatron/LoLCodeFizzBuzz	no	yes	no	0	0	no	2022-09-01T21:34:11Z	https://github.com/Cleggatron/LoLCodeFizzBuzz
Cold-Script/V5	no	yes	no	0	0	no	2024-09-01T02:30:44Z	https://github.com/Cold-Script/V5
Colean128/MultiCalc	no	yes	no	0	0	no	2020-03-24T10:25:30Z	https://github.com/Colean128/MultiCalc
ComputerGuyYash/LOLCODE-RawProgam	no	yes	no	0	0	no	2020-10-02T05:18:42Z	https://github.com/ComputerGuyYash/LOLCODE-RawProgam
CookieScript/Fixscript	no	yes	no	0	0	no	2026-02-22T17:51:55Z	https://github.com/CookieScript/Fixscript
CookieScript/dino	no	yes	no	0	0	no	2025-10-12T08:04:56Z	https://github.com/CookieScript/dino
Criiiis12/Byhub.lol	no	yes	no	0	0	no	2025-08-16T00:12:27Z	https://github.com/Criiiis12/Byhub.lol
Csabi6/Frost-lol	no	yes	no	0	0	no	2024-11-14T18:28:51Z	https://github.com/Csabi6/Frost-lol
CyDoor/scriptlets	no	yes	no	0	0	no	2017-11-13T14:38:37Z	https://github.com/CyDoor/scriptlets
DanielaSanluis/Practica2-descifradorKuakers	no	yes	no	0	0	no	2026-03-11T03:16:03Z	https://github.com/DanielaSanluis/Practica2-descifradorKuakers
DetainedMonkey2891/drain.lol-modified	no	yes	no	0	0	no	2024-10-13T16:33:58Z	https://github.com/DetainedMonkey2891/drain.lol-modified
DetainedMonkey2891/future.lol	no	yes	no	0	0	no	2024-10-16T14:02:38Z	https://github.com/DetainedMonkey2891/future.lol
Doctor0Evil/fan.asia	no	yes	no	0	0	no	2025-10-07T23:34:37Z	https://github.com/Doctor0Evil/fan.asia
DrownedInAPond/Lolcode-Calculator	no	yes	no	0	0	no	2024-05-15T10:16:50Z	https://github.com/DrownedInAPond/Lolcode-Calculator
Dxrkrumor/Dxrkrumor	no	yes	no	0	0	no	2021-09-26T06:30:02Z	https://github.com/Dxrkrumor/Dxrkrumor
Elimurray/COMPX301-A1	no	yes	no	0	0	no	2025-03-20T05:40:35Z	https://github.com/Elimurray/COMPX301-A1
Emashzed/dotp2013mod	no	yes	no	0	0	no	2016-03-24T22:41:58Z	https://github.com/Emashzed/dotp2013mod
EmptineX/Lolcode	no	yes	no	0	0	no	2024-07-09T17:06:09Z	https://github.com/EmptineX/Lolcode
EvanCPSC/lolcodes	no	yes	no	0	0	no	2024-03-29T03:20:44Z	https://github.com/EvanCPSC/lolcodes
FRTAX/labs.felixal..ch	no	yes	no	0	0	no	2024-09-22T17:45:55Z	https://github.com/FRTAX/labs.felixal..ch
FlamongoBird/LOLCODE-Fib	no	yes	no	0	0	no	2022-12-30T15:44:13Z	https://github.com/FlamongoBird/LOLCODE-Fib
Flanchyowo/AV4	no	yes	no	0	0	no	2026-03-08T19:32:55Z	https://github.com/Flanchyowo/AV4
FluxiumLOL/Fluxiumisbetter	no	yes	no	0	0	no	2025-08-08T13:51:46Z	https://github.com/FluxiumLOL/Fluxiumisbetter
FoxWorn3365/LOL-Test	no	yes	no	0	0	no	2022-02-05T14:31:57Z	https://github.com/FoxWorn3365/LOL-Test
FranciscoMendiola/criptografia	no	yes	no	0	0	no	2025-12-21T23:12:18Z	https://github.com/FranciscoMendiola/criptografia
Frozerm/exkeys	no	yes	no	0	0	no	2025-04-04T10:36:44Z	https://github.com/Frozerm/exkeys
GabssNb/Projeto1	no	yes	no	0	0	no	2024-04-04T14:29:01Z	https://github.com/GabssNb/Projeto1
Ghostzzzzzzzzzzz/GitHub.io-classroom6-x	no	yes	no	0	0	no	2024-11-21T17:20:54Z	https://github.com/Ghostzzzzzzzzzzz/GitHub.io-classroom6-x
Github12121/LOLCODE-STUFF	no	yes	no	0	0	no	2019-02-10T15:43:50Z	https://github.com/Github12121/LOLCODE-STUFF
GregBoyTyyuiss/Zertalious-Bypassed	no	yes	no	0	0	no	2023-03-03T21:59:40Z	https://github.com/GregBoyTyyuiss/Zertalious-Bypassed
GregersBoye/iCanHazCaek	no	yes	no	0	0	no	2022-09-08T21:08:03Z	https://github.com/GregersBoye/iCanHazCaek
HG-Chenxin/Da-Hood	no	yes	no	0	0	no	2024-06-05T17:18:20Z	https://github.com/HG-Chenxin/Da-Hood
HIGHERJOD/HIGHERJOD	no	yes	no	0	0	no	2025-12-20T05:13:30Z	https://github.com/HIGHERJOD/HIGHERJOD
Hanuman-Enterprises/Milk-and-Ice-cream-parlour	no	yes	no	0	0	no	2021-12-16T11:41:31Z	https://github.com/Hanuman-Enterprises/Milk-and-Ice-cream-parlour
HeyHeyPizza111/oof	no	yes	no	0	0	no	2019-03-13T18:07:35Z	https://github.com/HeyHeyPizza111/oof
HugoSjoholm/git_practice	no	yes	no	0	0	no	2022-08-23T07:39:18Z	https://github.com/HugoSjoholm/git_practice
I393i383i292i/MIKIMARU.LOL	no	yes	no	0	0	no	2024-04-23T04:18:23Z	https://github.com/I393i383i292i/MIKIMARU.LOL
IAlwaysTap/freetable	no	yes	no	0	0	no	2025-02-22T19:21:35Z	https://github.com/IAlwaysTap/freetable
IAlwaysTap/table	no	yes	no	0	0	no	2025-02-12T23:01:55Z	https://github.com/IAlwaysTap/table
ICantTap/table-	no	yes	no	0	0	no	2025-01-13T22:05:46Z	https://github.com/ICantTap/table-
IceboxDev/LOLCODE	no	yes	no	0	0	no	2021-01-02T15:23:25Z	https://github.com/IceboxDev/LOLCODE
Iights/red-refuge-hard-guide-master	no	yes	no	0	0	no	2018-05-22T21:39:41Z	https://github.com/Iights/red-refuge-hard-guide-master
ImNotW4CH0/LibertyCounty	no	yes	no	0	0	no	2024-11-27T18:01:07Z	https://github.com/ImNotW4CH0/LibertyCounty
Insanity267/cali.lol-updated-made-by-insanity	no	yes	no	0	0	no	2025-05-28T20:40:45Z	https://github.com/Insanity267/cali.lol-updated-made-by-insanity
Isidroggs/Zaphub	no	yes	no	0	0	no	2024-12-08T03:09:01Z	https://github.com/Isidroggs/Zaphub
ItsNickBarry/hanoi-lol	no	yes	no	0	0	no	2018-06-27T21:33:55Z	https://github.com/ItsNickBarry/hanoi-lol
JarviSripts/Lol	no	yes	no	0	0	no	2023-07-26T18:35:24Z	https://github.com/JarviSripts/Lol
Jayfrr/ErazedLOL	no	yes	no	0	0	no	2024-11-22T17:59:51Z	https://github.com/Jayfrr/ErazedLOL
Jhon3342/Jhon3342	no	yes	no	0	0	no	2021-10-17T13:17:42Z	https://github.com/Jhon3342/Jhon3342
JonathanMcCormickJr/lolcode-fractal-tree	no	yes	no	0	0	no	2023-02-20T03:03:26Z	https://github.com/JonathanMcCormickJr/lolcode-fractal-tree
JonathanMcCormickJr/lolcode-web-app	no	yes	no	0	0	no	2023-02-19T02:14:15Z	https://github.com/JonathanMcCormickJr/lolcode-web-app
JonathanMcCormickJr/my-first-lolcode-program	no	yes	no	0	0	no	2023-02-19T00:07:22Z	https://github.com/JonathanMcCormickJr/my-first-lolcode-program
JudyCarmody/FizzBuzz	no	yes	no	0	0	no	2019-02-26T01:01:31Z	https://github.com/JudyCarmody/FizzBuzz
Jun-L04/RelativelyPRIME	no	yes	no	0	0	no	2024-05-20T04:28:36Z	https://github.com/Jun-L04/RelativelyPRIME
KAYDAVID/LOLCALC	no	yes	no	0	0	no	2018-10-20T21:45:10Z	https://github.com/KAYDAVID/LOLCALC
KevinW1998/TGMSampleWorkspace	no	yes	no	0	0	no	2016-01-07T09:55:08Z	https://github.com/KevinW1998/TGMSampleWorkspace
KingNothingXD/clocked-games	no	yes	no	0	0	no	2020-03-10T14:24:41Z	https://github.com/KingNothingXD/clocked-games
KyleCow/LOLCODe	no	yes	no	0	0	no	2016-09-05T16:51:08Z	https://github.com/KyleCow/LOLCODe
LonnonDev/EsolangFun	no	yes	no	0	0	yes	2023-08-07T06:43:29Z	https://github.com/LonnonDev/EsolangFun
M2Development/Web	no	yes	no	0	0	no	2024-04-06T23:57:37Z	https://github.com/M2Development/Web
MRrebo0t3d/structure-supplements	no	yes	no	0	0	no	2019-06-05T00:56:37Z	https://github.com/MRrebo0t3d/structure-supplements
MaksimKayumov/IGNORED-Lang	no	yes	no	0	0	no	2022-06-30T09:07:46Z	https://github.com/MaksimKayumov/IGNORED-Lang
MarchHubOnTopFr/Obfuscator-	no	yes	no	0	0	no	2025-07-27T08:48:48Z	https://github.com/MarchHubOnTopFr/Obfuscator-
MarekGluch/lolcode-circle-and-cross	no	yes	no	0	0	no	2022-07-03T17:18:40Z	https://github.com/MarekGluch/lolcode-circle-and-cross
Mashuramaru/lolcode	no	yes	no	0	0	no	2020-06-21T23:34:08Z	https://github.com/Mashuramaru/lolcode
McCartneyAC/camel	no	yes	no	0	0	no	2025-03-03T11:53:26Z	https://github.com/McCartneyAC/camel
McMunchly/lolcode	no	yes	no	0	0	no	2017-04-02T18:06:51Z	https://github.com/McMunchly/lolcode
MeliLiz/DecryptFiles	no	yes	no	0	0	no	2024-09-08T21:16:59Z	https://github.com/MeliLiz/DecryptFiles
Milkdromeda-333/Favorite-food-using-LOLCODE	no	yes	no	0	0	no	2023-05-01T02:42:25Z	https://github.com/Milkdromeda-333/Favorite-food-using-LOLCODE
Milkdromeda-333/Integer-calculator-using-LOLCODE	no	yes	no	0	0	no	2022-05-02T20:00:49Z	https://github.com/Milkdromeda-333/Integer-calculator-using-LOLCODE
Milkdromeda-333/name-asker-wiff-LOLCODE	no	yes	no	0	0	no	2022-05-02T18:45:51Z	https://github.com/Milkdromeda-333/name-asker-wiff-LOLCODE
MiscStuff839/Lolcode	no	yes	no	0	0	no	2025-11-16T13:35:50Z	https://github.com/MiscStuff839/Lolcode
MissNela/Dogisekbot	no	yes	no	0	0	no	2018-12-26T17:05:14Z	https://github.com/MissNela/Dogisekbot
MoonProductions/Bombing	no	yes	no	0	0	no	2023-11-06T22:05:05Z	https://github.com/MoonProductions/Bombing
MuhaCoded/HOT	no	yes	no	0	0	no	2024-09-13T09:47:04Z	https://github.com/MuhaCoded/HOT
MysteryHubRoblox/Premium	no	yes	no	0	0	no	2026-02-19T04:45:51Z	https://github.com/MysteryHubRoblox/Premium
NF737/Revolution.lol	no	yes	no	0	0	no	2024-10-24T06:50:59Z	https://github.com/NF737/Revolution.lol
NF737/Revolution.xd	no	yes	no	0	0	no	2024-10-24T12:28:26Z	https://github.com/NF737/Revolution.xd
NF737/Test2test2test2	no	yes	no	0	0	no	2024-10-24T11:26:29Z	https://github.com/NF737/Test2test2test2
Nic4Scripts/sigma.luminaiatest-master	no	yes	no	0	0	no	2026-03-09T19:03:40Z	https://github.com/Nic4Scripts/sigma.luminaiatest-master
Nic4Scripts/theBest4hubs.	no	yes	no	0	0	no	2026-02-25T11:56:39Z	https://github.com/Nic4Scripts/theBest4hubs.
NickCarneiro/lolstack	no	yes	no	0	0	no	2016-03-01T05:35:23Z	https://github.com/NickCarneiro/lolstack
NubKikuo/Xeno	no	yes	no	0	0	no	2025-10-30T10:19:21Z	https://github.com/NubKikuo/Xeno
NyxProject/Nyx.lol	no	yes	no	0	0	no	2025-04-13T23:26:18Z	https://github.com/NyxProject/Nyx.lol
Onlywins10/Onlywins.Lol	no	yes	no	0	0	no	2025-09-21T18:20:26Z	https://github.com/Onlywins10/Onlywins.Lol
Orbit293/Orbit.lol	no	yes	no	0	0	no	2024-10-04T17:43:25Z	https://github.com/Orbit293/Orbit.lol
PatricCaviezel/LOLCODE-Fibonacci	no	yes	no	0	0	no	2023-01-03T12:49:00Z	https://github.com/PatricCaviezel/LOLCODE-Fibonacci
Peppe-Script/hugegames.lol	no	yes	no	0	0	no	2024-02-16T22:49:16Z	https://github.com/Peppe-Script/hugegames.lol
Pixelz22/random_junk	no	yes	no	0	0	no	2024-06-20T04:09:13Z	https://github.com/Pixelz22/random_junk
PwrBlitz/game	no	yes	no	0	0	no	2022-03-01T22:49:46Z	https://github.com/PwrBlitz/game
PwrBlitz/games	no	yes	no	0	0	no	2022-02-28T01:34:59Z	https://github.com/PwrBlitz/games
QojoSatoru/LOLCODE	no	yes	no	0	0	no	2025-06-22T16:07:54Z	https://github.com/QojoSatoru/LOLCODE
RaddedMC/gcd-in-lol	no	yes	no	0	0	no	2022-11-02T21:45:00Z	https://github.com/RaddedMC/gcd-in-lol
Rafelk3/da-hood	no	yes	no	0	0	no	2025-04-14T19:44:32Z	https://github.com/Rafelk3/da-hood
Rafelk3/phantom	no	yes	no	0	0	no	2025-04-21T16:48:10Z	https://github.com/Rafelk3/phantom
Reviar20/Pero	no	yes	no	0	0	no	2025-02-22T01:34:18Z	https://github.com/Reviar20/Pero
Royisabelle/exercice-git	no	yes	no	0	0	no	2023-10-19T18:11:19Z	https://github.com/Royisabelle/exercice-git
Ryun1/idk-aiken	no	yes	no	0	0	no	2025-05-14T14:37:48Z	https://github.com/Ryun1/idk-aiken
SAINTLTM53/Cobra	no	yes	no	0	0	no	2025-07-09T19:29:53Z	https://github.com/SAINTLTM53/Cobra
SCRIPTDEVELOPERzzzz/llllllllllllllllllzzzzlzlzlzllzzllzlz	no	yes	no	0	0	no	2025-10-22T13:37:51Z	https://github.com/SCRIPTDEVELOPERzzzz/llllllllllllllllllzzzzlzlzlzllzzllzlz
SMyrick98/hello-world	no	yes	no	0	0	no	2018-12-28T02:47:12Z	https://github.com/SMyrick98/hello-world
SYST3MX3X/Hub	no	yes	no	0	0	no	2023-06-25T15:22:19Z	https://github.com/SYST3MX3X/Hub
SebastianWalker/random	no	yes	no	0	0	no	2024-03-21T20:58:14Z	https://github.com/SebastianWalker/random
Splay1/Jailbird.lol	no	yes	no	0	0	no	2024-05-06T00:47:05Z	https://github.com/Splay1/Jailbird.lol
Stanlee1234/LOLCODE-ADV-CALC	no	yes	no	0	0	no	2025-12-23T23:00:45Z	https://github.com/Stanlee1234/LOLCODE-ADV-CALC
Syncreturnz/Echo.l	no	yes	no	0	0	no	2024-04-07T00:29:11Z	https://github.com/Syncreturnz/Echo.l
TERIHAX/Hydra	no	yes	no	0	0	no	2021-10-30T15:37:36Z	https://github.com/TERIHAX/Hydra
THATTONEFEDE/ubuntu	no	yes	no	0	0	no	2024-09-28T10:09:20Z	https://github.com/THATTONEFEDE/ubuntu
Tekaicrw/BetaZ.	no	yes	no	0	0	no	2025-11-19T01:23:20Z	https://github.com/Tekaicrw/BetaZ.
Tekaicrw/BetaZUI.lol	no	yes	no	0	0	no	2026-01-11T02:16:03Z	https://github.com/Tekaicrw/BetaZUI.lol
Tekaicrw/Betaz..	no	yes	no	0	0	no	2025-11-19T15:49:46Z	https://github.com/Tekaicrw/Betaz..
Tekaicrw/Fade.lol	no	yes	no	0	0	no	2025-11-14T00:22:58Z	https://github.com/Tekaicrw/Fade.lol
Terriferlolfree/Terriferlolfree	no	yes	no	0	0	no	2026-03-12T03:26:05Z	https://github.com/Terriferlolfree/Terriferlolfree
Tester398u3f/SOMEBODE	no	yes	no	0	0	no	2018-06-01T15:34:43Z	https://github.com/Tester398u3f/SOMEBODE
TheMagicPiston2/Counter-Blox-Scripts	no	yes	no	0	0	no	2023-01-27T23:46:25Z	https://github.com/TheMagicPiston2/Counter-Blox-Scripts
TheMagicPiston2/GettingXPHowBoutYouGetSomeBitches	no	yes	no	0	0	no	2023-03-22T22:38:01Z	https://github.com/TheMagicPiston2/GettingXPHowBoutYouGetSomeBitches
TheOfficialFancy/CounterBloxHVH	no	yes	no	0	0	no	2023-04-02T15:57:58Z	https://github.com/TheOfficialFancy/CounterBloxHVH
TheOfficialFancy/Delta	no	yes	no	0	0	no	2024-04-11T00:22:25Z	https://github.com/TheOfficialFancy/Delta
TheSquashyMaker/LOLCODE-EXPERIMENTS	no	yes	no	0	0	no	2019-05-30T15:38:13Z	https://github.com/TheSquashyMaker/LOLCODE-EXPERIMENTS
TheeErnie/lolcode_stuff	no	yes	no	0	0	no	2024-02-24T02:49:09Z	https://github.com/TheeErnie/lolcode_stuff
ThomasBjornstad/smoosh	no	yes	no	0	0	no	2018-04-19T11:06:15Z	https://github.com/ThomasBjornstad/smoosh
TrendyOnTop/Infinity	no	yes	no	0	0	no	2025-09-07T15:10:25Z	https://github.com/TrendyOnTop/Infinity
TsukiGva2/game-pet-eng-comp	no	yes	no	0	0	no	2025-10-28T09:16:04Z	https://github.com/TsukiGva2/game-pet-eng-comp
TylerMathews12/lolcode-RPS	no	yes	no	0	0	no	2020-02-18T08:13:10Z	https://github.com/TylerMathews12/lolcode-RPS
UlisseMini/RockPaperScissors	no	yes	no	0	0	yes	2023-01-28T00:40:32Z	https://github.com/UlisseMini/RockPaperScissors
UrNotAMoose077/R-U-A-MOOSE-LOL	no	yes	no	0	0	no	2021-05-29T17:11:02Z	https://github.com/UrNotAMoose077/R-U-A-MOOSE-LOL
ViWilde/i-can-haz-mr-eatens-name	no	yes	no	0	0	no	2024-03-02T18:38:27Z	https://github.com/ViWilde/i-can-haz-mr-eatens-name
VnTotalGui/vngui	no	yes	no	0	0	no	2023-09-29T11:01:25Z	https://github.com/VnTotalGui/vngui
WERECODE/TSlick	no	yes	no	0	0	no	2023-09-13T08:50:17Z	https://github.com/WERECODE/TSlick
Wellscreem/nuit-de-l-info-DS4	no	yes	no	0	0	no	2021-12-03T06:23:46Z	https://github.com/Wellscreem/nuit-de-l-info-DS4
Witherman9001/Silent.lol	no	yes	no	0	0	no	2025-03-10T11:54:25Z	https://github.com/Witherman9001/Silent.lol
WorkInProgress-Development/LOLCODE-HelloWorld	no	yes	no	0	0	no	2021-01-10T23:10:57Z	https://github.com/WorkInProgress-Development/LOLCODE-HelloWorld
Xurse/templatefun	no	yes	no	0	0	no	2019-10-01T01:51:05Z	https://github.com/Xurse/templatefun
YichuW/RPS	no	yes	no	0	0	no	2025-12-04T02:25:43Z	https://github.com/YichuW/RPS
Yin-ofc/name	no	yes	no	0	0	no	2024-06-27T00:11:45Z	https://github.com/Yin-ofc/name
Yokaydenstar1/Testing-side-lock	no	yes	no	0	0	no	2025-09-11T03:28:33Z	https://github.com/Yokaydenstar1/Testing-side-lock
ZadenMaestas/Dank-Calculator	no	yes	no	0	0	no	2022-05-13T01:24:52Z	https://github.com/ZadenMaestas/Dank-Calculator
ZchedrickTheExploiter/wlwlwlwllwlwlwlwlwllwwllwwllwlwlwlwlwlwlwlwllwwllwlwlwlwlwlwlwlwlw	no	yes	no	0	0	no	2025-08-29T23:06:18Z	https://github.com/ZchedrickTheExploiter/wlwlwlwllwlwlwlwlwllwwllwwllwlwlwlwlwlwlwlwllwwllwlwlwlwlwlwlwlwlw
Zhodisov/Domain	no	yes	no	0	0	no	2025-03-15T15:55:06Z	https://github.com/Zhodisov/Domain
ZurfexDev/Zurfex-Hub-Tech	no	yes	no	0	0	no	2026-02-26T11:37:55Z	https://github.com/ZurfexDev/Zurfex-Hub-Tech
a-deakin/Esolang_Decal	no	yes	no	0	0	no	2024-02-02T00:59:02Z	https://github.com/a-deakin/Esolang_Decal
aDENTinTIME/toying_with_LOLCODE	no	yes	no	0	0	no	2018-08-13T23:47:13Z	https://github.com/aDENTinTIME/toying_with_LOLCODE
alectunbridge/day6	no	yes	no	0	0	no	2020-12-08T21:31:05Z	https://github.com/alectunbridge/day6
alessandrotran1209/text-editor	no	yes	no	0	0	no	2020-07-22T13:40:31Z	https://github.com/alessandrotran1209/text-editor
allelloo/0x0_dfc_lol	no	yes	no	0	0	no	2025-07-27T08:34:03Z	https://github.com/allelloo/0x0_dfc_lol
allelloo/0x0_fbcMain	no	yes	no	0	0	no	2025-08-01T23:24:04Z	https://github.com/allelloo/0x0_fbcMain
allelloo/fcclols	no	yes	no	0	0	no	2025-08-06T23:41:28Z	https://github.com/allelloo/fcclols
allelloo/fchp1lols	no	yes	no	0	0	no	2025-08-10T15:57:26Z	https://github.com/allelloo/fchp1lols
allelloo/lol22	no	yes	no	0	0	no	2025-07-24T18:22:03Z	https://github.com/allelloo/lol22
allelloo/lol33fbS-Renamed	no	yes	no	0	0	no	2025-08-01T22:06:34Z	https://github.com/allelloo/lol33fbS-Renamed
amsussy/sus	no	yes	no	0	0	no	2021-07-29T17:17:54Z	https://github.com/amsussy/sus
amyipdev/acm-dev-git-workshop-sp24	no	yes	no	0	0	no	2024-04-20T00:09:35Z	https://github.com/amyipdev/acm-dev-git-workshop-sp24
angel1LOL/ANGEL.LOL2	no	yes	no	0	0	no	2025-10-01T12:09:07Z	https://github.com/angel1LOL/ANGEL.LOL2
angel1LOL/Angel.LOL	no	yes	no	0	0	no	2025-10-01T00:52:57Z	https://github.com/angel1LOL/Angel.LOL
angel1LOL/Angel.LOL1	no	yes	no	0	0	no	2025-10-01T12:00:44Z	https://github.com/angel1LOL/Angel.LOL1
angel1LOL/Angel.LOL5	no	yes	no	0	0	no	2025-10-10T12:03:07Z	https://github.com/angel1LOL/Angel.LOL5
angel1LOL/angel.LOL4	no	yes	no	0	0	no	2025-10-05T00:55:05Z	https://github.com/angel1LOL/angel.LOL4
antropoceno-code/trial_2	no	yes	no	0	0	no	2022-01-09T02:09:34Z	https://github.com/antropoceno-code/trial_2
anttijuu/lolhello	no	yes	no	0	0	no	2019-04-18T15:48:27Z	https://github.com/anttijuu/lolhello
aricc24/criptograf-a	no	yes	no	0	0	no	2026-03-11T03:24:24Z	https://github.com/aricc24/criptograf-a
arrudagates/lolcode-funzies	no	yes	no	0	0	no	2020-10-16T16:46:17Z	https://github.com/arrudagates/lolcode-funzies
artificialstarlight/LOLchat	no	yes	no	0	0	no	2019-11-16T01:15:40Z	https://github.com/artificialstarlight/LOLchat
arymus/lolcode-basics	no	yes	no	0	0	no	2025-02-02T21:41:05Z	https://github.com/arymus/lolcode-basics
aulandsdalen/lolcat	no	yes	no	0	0	no	2016-09-09T16:45:42Z	https://github.com/aulandsdalen/lolcat
babass512/cracked	no	yes	no	0	0	no	2026-01-28T19:59:15Z	https://github.com/babass512/cracked
bllewellyn907-ops/Bronx.lolv1	no	yes	no	0	0	no	2025-08-16T02:21:37Z	https://github.com/bllewellyn907-ops/Bronx.lolv1
bt6wmsn7nh-lang/games	no	yes	no	0	0	no	2026-03-12T13:56:30Z	https://github.com/bt6wmsn7nh-lang/games
calgl0001/Kazio.lol	no	yes	no	0	0	no	2024-09-08T10:10:38Z	https://github.com/calgl0001/Kazio.lol
camh96/lolcode	no	yes	no	0	0	no	2017-11-05T22:52:14Z	https://github.com/camh96/lolcode
camilomolina/lolcode-labs	no	yes	no	0	0	no	2017-06-01T16:32:09Z	https://github.com/camilomolina/lolcode-labs
cataliniacobbitsentinel/testrepo22222	no	yes	no	0	0	no	2023-06-02T10:32:38Z	https://github.com/cataliniacobbitsentinel/testrepo22222
classicguru/lucasunblocked	no	yes	no	0	0	no	2023-03-13T20:08:55Z	https://github.com/classicguru/lucasunblocked
clickingsim123-sys/EEEEEEEE	no	yes	no	0	0	no	2025-11-20T22:31:18Z	https://github.com/clickingsim123-sys/EEEEEEEE
clickingsim123-sys/zz_foodie	no	yes	no	0	0	no	2025-11-21T17:57:46Z	https://github.com/clickingsim123-sys/zz_foodie
codOfcodex/EvoisUpScriptzKxGkfFnNmZx	no	yes	no	0	0	no	2026-01-17T04:52:04Z	https://github.com/codOfcodex/EvoisUpScriptzKxGkfFnNmZx
codegnomic/luvcookies	no	yes	no	0	0	no	2022-08-27T00:18:06Z	https://github.com/codegnomic/luvcookies
coldlikefrost/wfWAFAF	no	yes	no	0	0	no	2024-05-21T11:10:56Z	https://github.com/coldlikefrost/wfWAFAF
coolboi8182-star/Stranded.lol	no	yes	no	0	0	no	2025-11-25T13:32:44Z	https://github.com/coolboi8182-star/Stranded.lol
crocroxy/crocHub	no	yes	no	0	0	no	2025-04-12T00:22:03Z	https://github.com/crocroxy/crocHub
cult200020/BRONX-LOL	no	yes	no	0	0	no	2025-08-05T18:44:08Z	https://github.com/cult200020/BRONX-LOL
dandrust/aoc	no	yes	no	0	0	no	2021-12-03T05:13:29Z	https://github.com/dandrust/aoc
danfoy/fizzbuzz-lolcode	no	yes	no	0	0	no	2022-07-01T18:56:56Z	https://github.com/danfoy/fizzbuzz-lolcode
daniellucasdev/calc-cat	no	yes	no	0	0	no	2024-01-29T16:25:52Z	https://github.com/daniellucasdev/calc-cat
db8dev/idk	no	yes	no	0	0	no	2024-09-06T23:34:53Z	https://github.com/db8dev/idk
dcooke072711/Rush.lol	no	yes	no	0	0	no	2025-02-08T03:26:41Z	https://github.com/dcooke072711/Rush.lol
deimastudiomusic/deimastudiomusic	no	yes	no	0	0	no	2022-02-28T14:01:22Z	https://github.com/deimastudiomusic/deimastudiomusic
devoops0/lolfun	no	yes	no	0	0	no	2016-06-06T12:34:24Z	https://github.com/devoops0/lolfun
dikshabanka/demo_repo	no	yes	no	0	0	no	2022-04-07T16:59:47Z	https://github.com/dikshabanka/demo_repo
dr2xmillion371/lolcode-projects	no	yes	no	0	0	no	2023-04-03T22:48:48Z	https://github.com/dr2xmillion371/lolcode-projects
eclipzstore/psdfabkpfzdaoszdfjboadsfjnsdfpsadfpajsdxlvzxclvoldszjvask	no	yes	no	0	0	no	2025-12-10T15:08:31Z	https://github.com/eclipzstore/psdfabkpfzdaoszdfjboadsfjnsdfpsadfpajsdxlvzxclvoldszjvask
elliott1645/lolcode	no	yes	no	0	0	no	2015-10-30T16:23:21Z	https://github.com/elliott1645/lolcode
english-or-spanish09/New-best-camlock-	no	yes	no	0	0	no	2024-07-01T02:57:01Z	https://github.com/english-or-spanish09/New-best-camlock-
ericthedumbass/ericthedumbass	no	yes	no	0	0	no	2024-11-22T14:17:45Z	https://github.com/ericthedumbass/ericthedumbass
eshaan011/lol	no	yes	no	0	0	no	2021-02-16T13:38:58Z	https://github.com/eshaan011/lol
essokji873037/Meow-	no	yes	no	0	0	no	2025-07-23T08:53:33Z	https://github.com/essokji873037/Meow-
evyatarmeged/lolcode-snek	no	yes	no	0	0	no	2018-09-17T05:59:32Z	https://github.com/evyatarmeged/lolcode-snek
exenok-drxco/my-lua-scriptjh	no	yes	no	0	0	no	2025-10-28T14:36:09Z	https://github.com/exenok-drxco/my-lua-scriptjh
exenok-drxco/scripterr	no	yes	no	0	0	no	2025-10-28T15:31:04Z	https://github.com/exenok-drxco/scripterr
fakecurfew/d	no	yes	no	0	0	no	2022-06-03T18:49:54Z	https://github.com/fakecurfew/d
foshesss/LOLCODE	no	yes	no	0	0	no	2022-03-20T04:59:55Z	https://github.com/foshesss/LOLCODE
fr-ad/AoC2023	no	yes	no	0	0	no	2023-12-05T08:49:54Z	https://github.com/fr-ad/AoC2023
funkymonkeymonk/chocolate	no	yes	no	0	0	no	2017-02-16T02:40:54Z	https://github.com/funkymonkeymonk/chocolate
gamedropp/games	no	yes	no	0	0	no	2025-04-25T23:45:02Z	https://github.com/gamedropp/games
gfhgASJAGSDGafsdgfhdjksjfhadEFHGJGFGJ/crizoq	no	yes	no	0	0	no	2025-06-27T11:55:04Z	https://github.com/gfhgASJAGSDGafsdgfhdjksjfhadEFHGJGFGJ/crizoq
gyattttttt89/sebbiegotrizzandteddygetshuzz.sebbie.teddy.lol	no	yes	no	0	0	no	2025-01-18T05:06:24Z	https://github.com/gyattttttt89/sebbiegotrizzandteddygetshuzz.sebbie.teddy.lol
harsh778/lol	no	yes	no	0	0	no	2021-10-24T13:57:15Z	https://github.com/harsh778/lol
hectoxor/DFS-in-LOLcode	no	yes	no	0	0	no	2023-01-13T04:38:20Z	https://github.com/hectoxor/DFS-in-LOLcode
heldpython-prog/707.lol	no	yes	no	0	0	no	2026-01-23T18:31:43Z	https://github.com/heldpython-prog/707.lol
helionek/lolcode-n-befunge	no	yes	no	0	0	no	2025-03-13T18:40:03Z	https://github.com/helionek/lolcode-n-befunge
heydyago/Hello	no	yes	no	0	0	no	2018-04-09T10:39:20Z	https://github.com/heydyago/Hello
himanshudas75/test_repo	no	yes	no	0	0	no	2024-08-05T07:00:06Z	https://github.com/himanshudas75/test_repo
htrant/lol-world	no	yes	no	0	0	no	2021-02-09T15:18:24Z	https://github.com/htrant/lol-world
huaiyudavid/code-golf-2018-fall	no	yes	no	0	0	no	2018-11-14T02:40:20Z	https://github.com/huaiyudavid/code-golf-2018-fall
hyongchuah/SCC201701Pr2	no	yes	no	0	0	no	2017-07-05T06:04:40Z	https://github.com/hyongchuah/SCC201701Pr2
i8i8d2d2/Burnt.lol-beta	no	yes	no	0	0	no	2025-08-09T23:24:36Z	https://github.com/i8i8d2d2/Burnt.lol-beta
idklolexd8U/mystuff	no	yes	no	0	0	no	2025-04-18T17:42:26Z	https://github.com/idklolexd8U/mystuff
in0x/spoj_lol	no	yes	no	0	0	no	2015-03-27T08:24:38Z	https://github.com/in0x/spoj_lol
itrujnara/List_1_LOLCODE	no	yes	no	0	0	no	2022-03-08T18:36:39Z	https://github.com/itrujnara/List_1_LOLCODE
jacob-a132/LOLcode	no	yes	no	0	0	no	2021-05-14T00:56:42Z	https://github.com/jacob-a132/LOLcode
jakubpawlina/FizzBuzz	no	yes	no	0	0	no	2022-01-13T23:02:51Z	https://github.com/jakubpawlina/FizzBuzz
james101c/kafka-blend	no	yes	no	0	0	no	2020-07-14T16:49:35Z	https://github.com/james101c/kafka-blend
jamezroux/rubiks	no	yes	no	0	0	no	2015-12-03T03:41:57Z	https://github.com/jamezroux/rubiks
jamtot/LOLCODE	no	yes	no	0	0	no	2016-04-05T17:13:30Z	https://github.com/jamtot/LOLCODE
jasonhemann/lolcode-lang	no	yes	no	0	0	no	2026-03-12T21:04:00Z	https://github.com/jasonhemann/lolcode-lang
jessicamarie/cat-translator	no	yes	no	0	0	no	2018-04-15T02:45:12Z	https://github.com/jessicamarie/cat-translator
jinsen-x/lolcode-game-of-life	no	yes	no	0	0	no	2021-12-18T23:17:31Z	https://github.com/jinsen-x/lolcode-game-of-life
jojo2357/ConvolutionLolcode	no	yes	no	0	0	no	2022-03-12T04:40:13Z	https://github.com/jojo2357/ConvolutionLolcode
jrem090/LOLCODE	no	yes	no	0	0	no	2016-09-11T19:08:57Z	https://github.com/jrem090/LOLCODE
jrochafonso/lolcode_tryout	no	yes	no	0	0	no	2023-08-31T14:13:52Z	https://github.com/jrochafonso/lolcode_tryout
jsultttt/Jsultttt.github.io	no	yes	no	0	0	no	2022-11-21T00:41:11Z	https://github.com/jsultttt/Jsultttt.github.io
jubiman/AOC2022	no	yes	no	0	0	no	2022-12-02T11:35:54Z	https://github.com/jubiman/AOC2022
julienBelinga/Hangman	no	yes	no	0	0	no	2023-03-25T23:40:26Z	https://github.com/julienBelinga/Hangman
kalagendxavrick/Despair.lol	no	yes	no	0	0	no	2024-11-01T14:56:07Z	https://github.com/kalagendxavrick/Despair.lol
keny-studio/get-it	no	yes	no	0	0	no	2026-01-27T21:42:43Z	https://github.com/keny-studio/get-it
kerbiggestfan123/imker.github.com	no	yes	no	0	0	no	2023-03-08T15:59:57Z	https://github.com/kerbiggestfan123/imker.github.com
kevinahuber/LOLCATFUNYAY	no	yes	no	0	0	no	2015-07-08T16:45:58Z	https://github.com/kevinahuber/LOLCATFUNYAY
keyos7824/shom	no	yes	no	0	0	no	2017-11-09T12:39:57Z	https://github.com/keyos7824/shom
komradehieu/kali-linux-dotfiles	no	yes	no	0	0	no	2022-06-01T03:54:38Z	https://github.com/komradehieu/kali-linux-dotfiles
kuroyrd/Byhub	no	yes	no	0	0	no	2025-08-15T07:46:12Z	https://github.com/kuroyrd/Byhub
kuroyrd/Byhub-	no	yes	no	0	0	no	2025-08-15T07:36:55Z	https://github.com/kuroyrd/Byhub-
kuroyrd/Byhub-.	no	yes	no	0	0	no	2025-08-15T08:04:01Z	https://github.com/kuroyrd/Byhub-.
kuroyrd/Byhub.lol-	no	yes	no	0	0	no	2025-08-15T07:29:52Z	https://github.com/kuroyrd/Byhub.lol-
kuroyrd/Byhub.lol.-	no	yes	no	0	0	no	2025-08-15T07:34:17Z	https://github.com/kuroyrd/Byhub.lol.-
kylemacey/hellolololol	no	yes	no	0	0	no	2020-07-23T15:25:45Z	https://github.com/kylemacey/hellolololol
kz2d/github-test	no	yes	no	0	0	no	2021-10-16T16:00:11Z	https://github.com/kz2d/github-test
laudima/Cripto-Practica4	no	yes	no	0	0	no	2024-09-09T23:28:10Z	https://github.com/laudima/Cripto-Practica4
lazer93/lazer-script	no	yes	no	0	0	no	2025-07-16T07:54:30Z	https://github.com/lazer93/lazer-script
lbarry00/LOL	no	yes	no	0	0	no	2018-12-03T21:16:45Z	https://github.com/lbarry00/LOL
lilyofthealley/things	no	yes	no	0	0	no	2025-02-17T22:31:01Z	https://github.com/lilyofthealley/things
lolcodepp/gopherd.lol	no	yes	no	0	0	no	2018-08-22T06:41:53Z	https://github.com/lolcodepp/gopherd.lol
lolcodepp/httpd.lol	no	yes	no	0	0	no	2018-08-22T06:45:49Z	https://github.com/lolcodepp/httpd.lol
lolcodepp/sketches	no	yes	no	0	0	no	2018-08-22T06:42:37Z	https://github.com/lolcodepp/sketches
lolphantomm/phantommm	no	yes	no	0	0	no	2024-12-12T02:40:13Z	https://github.com/lolphantomm/phantommm
mac2115/Criminality	no	yes	no	0	0	no	2024-03-12T15:27:55Z	https://github.com/mac2115/Criminality
maddi-source/auto-dhc-farm-mad.lol	no	yes	no	0	0	no	2026-02-14T21:04:36Z	https://github.com/maddi-source/auto-dhc-farm-mad.lol
maddiesloadstrings/MAD.LOLrevamp	no	yes	no	0	0	no	2025-11-17T11:23:49Z	https://github.com/maddiesloadstrings/MAD.LOLrevamp
maddyb99/lolcode	no	yes	no	0	0	no	2020-08-22T22:43:18Z	https://github.com/maddyb99/lolcode
mainluaa/Bypass	no	yes	no	0	0	no	2026-02-22T16:35:27Z	https://github.com/mainluaa/Bypass
maji-lolxd/script	no	yes	no	0	0	no	2024-07-07T13:30:24Z	https://github.com/maji-lolxd/script
manisha069/Even-Odd-LOLCODE	no	yes	no	0	0	no	2021-04-03T18:23:49Z	https://github.com/manisha069/Even-Odd-LOLCODE
matauranz/NigelPitts	no	yes	no	0	0	no	2020-10-19T13:28:02Z	https://github.com/matauranz/NigelPitts
mburnayev/LOLCODE-networking	no	yes	no	0	0	no	2024-09-10T22:22:31Z	https://github.com/mburnayev/LOLCODE-networking
murilo-cunha/lol	no	yes	no	0	0	no	2023-06-30T09:40:59Z	https://github.com/murilo-cunha/lol
mwango-phoenix/tic-tac-toe	no	yes	no	0	0	no	2022-10-23T19:03:27Z	https://github.com/mwango-phoenix/tic-tac-toe
nchammer/adventofcode2019_lolcode	no	yes	no	0	0	no	2021-02-08T08:59:38Z	https://github.com/nchammer/adventofcode2019_lolcode
nicky-cyber/skoletest	no	yes	no	0	0	no	2021-01-29T12:07:39Z	https://github.com/nicky-cyber/skoletest
nijerboy69/mm	no	yes	no	0	0	no	2024-06-07T19:06:36Z	https://github.com/nijerboy69/mm
nina-vyedin-simplisafe/agentic-workshop	no	yes	no	0	0	no	2026-02-04T16:19:29Z	https://github.com/nina-vyedin-simplisafe/agentic-workshop
nitro404/Dank_Nukem_420	no	yes	no	0	0	no	2023-04-16T16:20:55Z	https://github.com/nitro404/Dank_Nukem_420
nzvww/nzvwlol	no	yes	no	0	0	no	2024-05-01T10:21:38Z	https://github.com/nzvww/nzvwlol
ocrossi/learn_git	no	yes	no	0	0	no	2020-10-07T07:33:47Z	https://github.com/ocrossi/learn_git
ofekih/lolcode	no	yes	no	0	0	no	2018-04-25T18:54:43Z	https://github.com/ofekih/lolcode
okrayv/acer	no	yes	no	0	0	no	2024-07-11T08:37:53Z	https://github.com/okrayv/acer
okrayv/alysum.lol	no	yes	no	0	0	no	2024-07-09T22:45:42Z	https://github.com/okrayv/alysum.lol
orchardstreet/LOLCODE-IRC-client	no	yes	no	0	0	no	2022-09-21T19:25:16Z	https://github.com/orchardstreet/LOLCODE-IRC-client
ottania/PENNAPPS	no	yes	no	0	0	no	2018-09-09T13:04:55Z	https://github.com/ottania/PENNAPPS
pallaspa/Webmail-Update	no	yes	no	0	0	no	2025-12-22T19:55:15Z	https://github.com/pallaspa/Webmail-Update
pallaspa/ssa	no	yes	no	0	0	no	2025-12-21T21:03:22Z	https://github.com/pallaspa/ssa
parthks/undergroundz	no	yes	no	0	0	no	2017-11-19T21:19:36Z	https://github.com/parthks/undergroundz
patnc/patnc.modified	no	yes	no	0	0	no	2024-11-10T18:46:44Z	https://github.com/patnc/patnc.modified
pdtxie/esolang-decal	no	yes	no	0	0	no	2024-05-12T06:25:08Z	https://github.com/pdtxie/esolang-decal
phovg/Mad.LOL_	no	yes	no	0	0	no	2025-02-22T21:07:34Z	https://github.com/phovg/Mad.LOL_
purplesstrat/altstore	no	yes	no	0	0	no	2025-05-27T09:41:13Z	https://github.com/purplesstrat/altstore
pyhlol/sandcastle.lol	no	yes	no	0	0	no	2024-09-08T09:29:08Z	https://github.com/pyhlol/sandcastle.lol
r200256/remote-test	no	yes	no	0	0	no	2018-12-09T14:43:48Z	https://github.com/r200256/remote-test
r200256/test_lol	no	yes	no	0	0	no	2018-12-05T16:29:33Z	https://github.com/r200256/test_lol
r3dddcr12111m/r3dcr1mdur	no	yes	no	0	0	no	2025-01-07T21:33:06Z	https://github.com/r3dddcr12111m/r3dcr1mdur
rafelk35/dahood	no	yes	no	0	0	no	2025-07-05T18:16:17Z	https://github.com/rafelk35/dahood
rahmat225/gtw-anjir	no	yes	no	0	0	no	2020-12-11T12:03:23Z	https://github.com/rahmat225/gtw-anjir
rayanes3/dahood	no	yes	no	0	0	no	2025-07-10T21:01:18Z	https://github.com/rayanes3/dahood
redarcel0-creator/Nav.LOL	no	yes	no	0	0	no	2025-10-25T07:33:37Z	https://github.com/redarcel0-creator/Nav.LOL
redarcel0-creator/Nav.LOL-	no	yes	no	0	0	no	2025-11-22T11:17:12Z	https://github.com/redarcel0-creator/Nav.LOL-
regnisier/Fizzbuzz	no	yes	no	0	0	no	2021-02-07T20:03:48Z	https://github.com/regnisier/Fizzbuzz
reloadercf/repasoJavaScript	no	yes	no	0	0	no	2019-06-29T20:34:08Z	https://github.com/reloadercf/repasoJavaScript
ritchie229/trainer	no	yes	no	0	0	no	2025-11-07T21:42:29Z	https://github.com/ritchie229/trainer
rmartyna/LOLCODE-examples	no	yes	no	0	0	no	2016-05-21T11:42:05Z	https://github.com/rmartyna/LOLCODE-examples
rollen1/lolcode	no	yes	no	0	0	no	2022-11-17T18:22:12Z	https://github.com/rollen1/lolcode
ryt1235yt-arch/No	no	yes	no	0	0	no	2026-02-19T19:31:20Z	https://github.com/ryt1235yt-arch/No
sagpkkp3ako0sgjkoji4o-jdia-giresjghdsh/f	no	yes	no	0	0	no	2024-12-01T10:24:01Z	https://github.com/sagpkkp3ako0sgjkoji4o-jdia-giresjghdsh/f
sagpkkp3ako0sgjkoji4o-jdia-giresjghdsh/pizdec	no	yes	no	0	0	no	2024-11-27T14:03:03Z	https://github.com/sagpkkp3ako0sgjkoji4o-jdia-giresjghdsh/pizdec
sailol1/Sai.lol-trial-camlock	no	yes	no	0	0	no	2025-01-04T12:13:25Z	https://github.com/sailol1/Sai.lol-trial-camlock
sailol1/Sai.lolxd	no	yes	no	0	0	no	2025-01-10T23:50:03Z	https://github.com/sailol1/Sai.lolxd
sampoder/esolangs	no	yes	no	0	0	no	2024-02-02T21:17:10Z	https://github.com/sampoder/esolangs
samu63cs/DSiHacker	no	yes	no	0	0	no	2022-09-15T00:26:22Z	https://github.com/samu63cs/DSiHacker
selsei/tn-archive	no	yes	no	0	0	no	2026-02-01T06:16:52Z	https://github.com/selsei/tn-archive
selujum/Test	no	yes	no	0	0	no	2015-05-22T16:28:19Z	https://github.com/selujum/Test
shakar60/WestBound	no	yes	no	0	0	no	2025-06-20T13:33:12Z	https://github.com/shakar60/WestBound
shiloisbetter/hi	no	yes	no	0	0	no	2025-03-17T07:03:42Z	https://github.com/shiloisbetter/hi
sigmalua/doge.lol	no	yes	no	0	0	no	2024-12-29T20:06:39Z	https://github.com/sigmalua/doge.lol
sintexxy/Whitelists	no	yes	no	0	0	no	2025-03-02T19:43:07Z	https://github.com/sintexxy/Whitelists
sizerdev/sizereeererrrer	no	yes	no	0	0	no	2024-04-10T12:57:45Z	https://github.com/sizerdev/sizereeererrrer
skibiditoiletriz/spooky.lol	no	yes	no	0	0	no	2024-07-13T18:15:52Z	https://github.com/skibiditoiletriz/spooky.lol
skleenn/calkulatur	no	yes	no	0	0	no	2023-07-17T04:21:28Z	https://github.com/skleenn/calkulatur
spicebag/cursed-code	no	yes	no	0	0	no	2024-02-04T23:43:43Z	https://github.com/spicebag/cursed-code
ssuksawat/LOLTACTOE	no	yes	no	0	0	no	2015-04-25T21:42:50Z	https://github.com/ssuksawat/LOLTACTOE
surv-is-a-dev/surv-is-a-dev.github.io	no	yes	no	0	0	no	2026-03-06T15:26:06Z	https://github.com/surv-is-a-dev/surv-is-a-dev.github.io
sweetx2apple/lolcode	no	yes	no	0	0	no	2021-03-24T09:51:11Z	https://github.com/sweetx2apple/lolcode
tanabesan/lolbeans	no	yes	no	0	0	no	2026-03-10T20:06:30Z	https://github.com/tanabesan/lolbeans
taprapka/lolcode	no	yes	no	0	0	no	2026-03-11T15:08:16Z	https://github.com/taprapka/lolcode
technoi7/ticTacToeLOLCODE	no	yes	no	0	0	no	2021-12-27T06:46:27Z	https://github.com/technoi7/ticTacToeLOLCODE
theFox6/LOLCoinz	no	yes	no	0	0	no	2019-07-15T09:18:45Z	https://github.com/theFox6/LOLCoinz
toastyt0ast/-1234567890--qwertyuiop-asdfghjkl-zxcvbnm-.-	no	yes	no	0	0	no	2024-05-02T20:46:43Z	https://github.com/toastyt0ast/-1234567890--qwertyuiop-asdfghjkl-zxcvbnm-.-
tpayet/azurecitest	no	yes	no	0	0	no	2019-03-11T10:57:45Z	https://github.com/tpayet/azurecitest
tscscs/tscscs	no	yes	no	0	0	no	2021-05-05T20:09:38Z	https://github.com/tscscs/tscscs
tuffk/lols	no	yes	no	0	0	no	2016-05-29T04:58:36Z	https://github.com/tuffk/lols
tw1shh/GUI	no	yes	no	0	0	no	2023-01-22T02:39:31Z	https://github.com/tw1shh/GUI
uaicoin/branding	no	yes	no	0	0	no	2018-04-11T03:01:37Z	https://github.com/uaicoin/branding
ulrich-barnstedt-archive/brainfuck.lol	no	yes	no	0	0	yes	2025-01-26T15:18:20Z	https://github.com/ulrich-barnstedt-archive/brainfuck.lol
ulrich-barnstedt/brainfuck-interpreters	no	yes	no	0	0	no	2025-01-26T14:56:26Z	https://github.com/ulrich-barnstedt/brainfuck-interpreters
unknowngam3s/unknowngam3s.github.io	no	yes	no	0	0	no	2024-12-12T03:15:53Z	https://github.com/unknowngam3s/unknowngam3s.github.io
uselessproyects/kdsfd	no	yes	no	0	0	no	2021-10-08T18:43:42Z	https://github.com/uselessproyects/kdsfd
vVisage-gg/Rxnic	no	yes	no	0	0	no	2025-09-15T04:05:17Z	https://github.com/vVisage-gg/Rxnic
vVisage-gg/respiratory.lol	no	yes	no	0	0	no	2025-03-23T02:30:52Z	https://github.com/vVisage-gg/respiratory.lol
vVisage-gg/respiratory.lol-paid	no	yes	no	0	0	no	2025-05-07T05:18:03Z	https://github.com/vVisage-gg/respiratory.lol-paid
vanis1980/Vanis.LOL	no	yes	no	0	0	no	2022-02-25T23:44:23Z	https://github.com/vanis1980/Vanis.LOL
vcosqui/kubernetes-deployment-demo	no	yes	no	0	0	no	2018-04-12T16:06:17Z	https://github.com/vcosqui/kubernetes-deployment-demo
vincethecoder4/xRay.lol	no	yes	no	0	0	no	2025-05-16T13:57:04Z	https://github.com/vincethecoder4/xRay.lol
voqio/evo	no	yes	no	0	0	no	2023-07-16T11:52:20Z	https://github.com/voqio/evo
wattsap/lolearning	no	yes	no	0	0	no	2016-03-02T04:09:26Z	https://github.com/wattsap/lolearning
willfindlay/rms-guide	no	yes	no	0	0	no	2018-12-22T21:38:55Z	https://github.com/willfindlay/rms-guide
willfourtwenty/rush-team_project	no	yes	no	0	0	no	2024-06-04T20:46:53Z	https://github.com/willfourtwenty/rush-team_project
williamlaurent/hssi	no	yes	no	0	0	no	2025-04-28T04:36:52Z	https://github.com/williamlaurent/hssi
wonder-coconut/lolcode_circlejerk	no	yes	no	0	0	no	2021-02-19T07:40:29Z	https://github.com/wonder-coconut/lolcode_circlejerk
wydialang/lolcode-project	no	yes	no	0	0	no	2025-03-10T07:56:31Z	https://github.com/wydialang/lolcode-project
xStackScripts/Bronx.lol	no	yes	no	0	0	no	2025-12-25T04:56:00Z	https://github.com/xStackScripts/Bronx.lol
xedoyassine0-star/yassine-links	no	yes	no	0	0	no	2025-11-09T15:59:21Z	https://github.com/xedoyassine0-star/yassine-links
xyzvvvvq/scripts	no	yes	no	0	0	no	2025-09-24T01:22:35Z	https://github.com/xyzvvvvq/scripts
y00mkidd/Xyra.lol	no	yes	no	0	0	no	2024-06-24T14:40:10Z	https://github.com/y00mkidd/Xyra.lol
yashbee313839/LOLCODE-Scripts	no	yes	no	0	0	no	2018-03-22T07:11:15Z	https://github.com/yashbee313839/LOLCODE-Scripts
yktj1222/Polo.lol	no	yes	no	0	0	no	2025-02-19T19:03:05Z	https://github.com/yktj1222/Polo.lol
zachdeibert/lol-say	no	yes	no	0	0	no	2019-02-11T06:10:11Z	https://github.com/zachdeibert/lol-say
zen-teamm/solar.lol	no	yes	no	0	0	no	2024-10-03T12:43:12Z	https://github.com/zen-teamm/solar.lol
zidan4/miniature-adventure	no	yes	no	0	0	no	2025-05-25T05:36:50Z	https://github.com/zidan4/miniature-adventure
zkydzil/Dontlookintomycodes	no	yes	no	0	0	no	2025-04-13T14:07:10Z	https://github.com/zkydzil/Dontlookintomycodes
zo-chu/pizza_cutter	no	yes	no	0	0	no	2017-11-07T10:27:18Z	https://github.com/zo-chu/pizza_cutter
zxnmodsZ/xayius.gui	no	yes	no	0	0	no	2024-06-22T17:37:28Z	https://github.com/zxnmodsZ/xayius.gui
justinmeza/lci	yes	no	yes	10	0	no		https://github.com/justinmeza/lci
DvaeFroot/cmsc124-lolcode-interpreter	yes	no	yes	4	0	no		https://github.com/DvaeFroot/cmsc124-lolcode-interpreter
jpcarreon/loco	yes	no	yes	4	0	no		https://github.com/jpcarreon/loco
jD91mZM2/rust-lci	yes	no	yes	3	0	no		https://github.com/jD91mZM2/rust-lci
nicodecastro/lolcode-interpreter	yes	no	yes	3	0	no		https://github.com/nicodecastro/lolcode-interpreter
LeartS/loleuler	yes	yes	yes	2	18	no	2023-11-14T11:26:47Z	https://github.com/LeartS/loleuler
markjreed/eulol	yes	yes	yes	2	7	no	2023-02-14T21:47:57Z	https://github.com/markjreed/eulol
seanpm2001/Learn-LOLCODE	yes	yes	yes	2	2	no	2024-05-02T22:04:38Z	https://github.com/seanpm2001/Learn-LOLCODE
JasonBock/LOLCode.net	yes	no	yes	2	0	no		https://github.com/JasonBock/LOLCode.net
garthendrich/lolcode-interpreter	yes	no	yes	2	0	no		https://github.com/garthendrich/lolcode-interpreter
SallySanban/LOLCODE-Interpreter	yes	no	yes	1	0	no		https://github.com/SallySanban/LOLCODE-Interpreter
maadriana/lolcode-interpreter	yes	no	yes	1	0	no		https://github.com/maadriana/lolcode-interpreter
nfenciso1/lolcode-interpreter	yes	no	yes	1	0	no		https://github.com/nfenciso1/lolcode-interpreter
justinmeza/httpd.lol	yes	yes	no	0	137	no	2026-01-12T05:04:04Z	https://github.com/justinmeza/httpd.lol
aurasphere/ftpd.lol	yes	yes	no	0	3	no	2024-05-02T22:04:38Z	https://github.com/aurasphere/ftpd.lol
theDrake/lolcode-experiments	yes	yes	no	0	3	no	2023-08-24T18:24:45Z	https://github.com/theDrake/lolcode-experiments
shaunlgs/lolcode-simple-algorithms	yes	yes	no	0	1	no	2025-02-19T18:11:32Z	https://github.com/shaunlgs/lolcode-simple-algorithms
SomeUnusualGames/Flag-Wars-3-LOLCODE	yes	yes	no	0	0	no	2023-08-13T22:17:20Z	https://github.com/SomeUnusualGames/Flag-Wars-3-LOLCODE
